,Estimate!!Total housing units,Estimate!!SEX AND AGE!!Total population,Estimate!!SEX AND AGE!!Total population!!Male,Estimate!!SEX AND AGE!!Total population!!Female,Estimate!!SEX AND AGE!!18 years and over,Estimate!!SEX AND AGE!!21 years and over,Estimate!!SEX AND AGE!!65 years and over,Estimate!!SEX AND AGE!!Median age (years),"Total!!Estimate!!MARITAL STATUS!!Population 15 years and over!!Now married, except separated","Total!!Estimate!!MARITAL STATUS!!Population 15 years and over!!Now married, except separated",Total!!Estimate!!EDUCATIONAL ATTAINMENT!!Population 25 years and over!!Some college or associate's degree,Total!!Estimate!!EDUCATIONAL ATTAINMENT!!Population 25 years and over!!Some college or associate's degree,Total!!Estimate!!EDUCATIONAL ATTAINMENT!!Population 25 years and over!!Bachelor's degree,Total!!Estimate!!EDUCATIONAL ATTAINMENT!!Population 25 years and over!!Bachelor's degree,Total!!Estimate!!EDUCATIONAL ATTAINMENT!!Population 25 years and over!!Graduate or professional degree,Total!!Estimate!!EDUCATIONAL ATTAINMENT!!Population 25 years and over!!Graduate or professional degree,Total!!Estimate!!POVERTY STATUS IN THE PAST 12 MONTHS!!Population for whom poverty status is determined!!Below 100 percent of the poverty level,Total!!Estimate!!POVERTY STATUS IN THE PAST 12 MONTHS!!Population for whom poverty status is determined!!100 to 149 percent of the poverty level,Total!!Estimate!!POVERTY STATUS IN THE PAST 12 MONTHS!!Population for whom poverty status is determined!!At or above 150 percent of the poverty level,Total!!Estimate!!MEANS OF TRANSPORTATION TO WORK!!Public transportation (excluding taxicab),Total!!Estimate!!TRAVEL TIME TO WORK!!Mean travel time to work (minutes),Total!!Estimate!!TRAVEL TIME TO WORK!!Mean travel time to work (minutes),Total!!Estimate!!Median earnings (dollars),Total!!Estimate!!HOUSEHOLDS!!Households,Join_Count,Join_Count2,Join_Count3,Join_Count4,Join_Count5,Join_Count6,Join_Count7,Join_Count8,Join_Count9,Join_Count10,Join_Count11,Join_Count12,Join_Count13,Join_Count14,Join_Count15,Join_Count16,Join_Count17,Join_Count18,Join_Count19,Join_Count20,Join_Count21,Join_Count22,Join_Count23,Join_Count24,Join_Count25,Join_Count26,Join_Count27,Join_Count28,Join_Count29,Join_Count30,Join_Count31,Join_Count32,Join_Count33,Join_Count34,Join_Count35,Join_Count36
11001000100,2965,5209,2388,2821,4262,4156,737,36.8,51.1,2238,7.4,284,20.9,799,69.5,2656,3.6,2.5,93.9,20.2,25.0,0.0,0.0,2435,16,17,10,2,2,134,10,3,28,1,11,3,16,7,0,3,2,35,19,46,6,0,2,2,0,0,14,20,1,6,0,0,31,9,0,0
11001000201,3,3685,1582,2103,3658,572,3,19.7,0.7,24,29.0,18,0.0,0,54.8,34,77.5,0.0,22.5,6.5,11.1,11.1,0.0,3,1,0,7,1,2,38,12,0,5,0,1,0,3,0,0,0,0,2,0,0,1,0,0,0,0,0,8,6,0,0,0,0,3,0,6,0
11001000202,1969,4817,2195,2622,4343,3644,551,24.9,27.2,1200,2.3,55,33.9,809,60.9,1452,22.5,2.8,74.6,31.0,21.2,21.2,0.0,1727,1,31,11,1,0,72,17,6,8,0,2,6,16,12,1,1,5,26,9,44,7,3,1,1,0,1,8,12,1,5,0,0,6,5,2,0
11001000300,2685,6095,2853,3242,5343,5332,564,32.4,35.3,1898,5.4,232,33.5,1438,53.8,2310,15.4,4.7,79.9,22.7,27.0,0.0,0.0,2601,3,1,1,1,1,67,12,2,0,0,0,0,2,8,0,0,1,12,2,0,0,0,2,0,0,0,4,1,0,1,0,0,1,1,0,0
11001000400,719,1578,807,771,1296,1283,331,45.9,57.6,776,10.6,132,21.6,270,57.2,715,9.9,1.1,89.0,7.2,25.5,0.0,0.0,650,0,0,1,2,0,136,6,1,15,0,2,0,3,1,0,0,0,5,2,0,0,0,0,2,0,1,24,5,1,13,0,0,9,1,0,0
11001000501,2124,3502,1582,1920,3153,3072,473,34.3,37.6,1186,5.7,160,28.5,799,61.8,1733,6.4,3.6,90.0,46.3,28.4,0.0,72122.0,1968,4,23,4,3,2,92,5,2,2,0,2,2,5,16,0,1,1,19,2,1,2,0,1,0,0,1,4,9,0,1,2,0,163,1,0,0
11001000502,1783,2973,1186,1787,2606,2597,426,36.9,37.0,1001,6.0,145,30.2,732,60.3,1462,2.1,3.1,94.8,52.0,27.4,0.0,0.0,1583,0,1,1,0,1,36,2,1,3,0,1,0,2,0,0,1,0,1,0,0,0,0,0,0,0,0,0,1,0,2,0,0,1,1,2,0
11001000600,2374,4722,2040,2682,3983,3983,891,45.2,45.8,1841,7.2,277,27.6,1061,58.7,2256,8.9,2.0,89.1,40.8,28.8,0.0,0.0,2157,1,0,1,0,1,64,10,8,1,0,0,0,0,2,0,0,0,6,4,0,1,0,0,0,2,0,30,1,2,1,0,0,1,0,2,0
11001000701,3720,5245,1854,3391,4765,4753,1388,48.1,39.0,1859,7.0,316,34.0,1527,49.8,2237,9.9,3.7,86.4,25.9,25.8,0.0,69221.0,3343,0,0,0,0,0,102,1,0,4,0,0,0,0,0,0,0,0,3,1,0,1,0,0,0,0,0,0,0,0,0,0,0,0,1,0,0
11001000702,2440,3316,1433,1883,3102,3019,335,29.2,21.6,674,14.0,383,39.0,1066,41.3,1128,12.5,2.4,85.1,34.5,34.5,34.5,0.0,2112,0,0,1,0,0,54,1,0,0,0,0,0,0,0,0,0,0,0,0,0,0,0,0,0,0,0,2,0,0,1,0,0,1,0,0,0
11001000801,3025,6575,3054,3521,5480,4937,1191,41.1,43.1,2460,9.4,393,33.4,1405,53.2,2235,14.0,2.7,83.2,11.4,25.5,0.0,0.0,2869,1,1,2,0,2,190,14,0,4,0,0,0,2,0,0,0,0,8,1,0,0,1,0,2,0,0,15,4,2,0,0,0,4,3,2,6
11001000802,1451,3153,1546,1607,2518,2518,423,35.3,41.9,1101,7.2,163,38.3,872,47.3,1078,14.0,3.0,82.9,19.4,29.3,29.3,0.0,1385,0,0,1,0,0,88,4,2,1,0,0,0,1,0,0,0,0,0,0,0,0,0,0,0,0,0,8,0,0,6,0,0,1,0,0,0
11001000901,1633,7790,3273,4517,6694,3662,1125,20.7,34.9,2408,9.3,305,28.6,935,56.5,1844,10.9,1.7,87.4,17.1,27.3,27.3,0.0,1591,4,1,26,2,3,103,7,1,4,0,0,0,6,2,0,0,0,2,0,0,0,0,0,0,0,0,12,4,2,2,0,0,1,0,0,16
11001000902,899,2455,1188,1267,1705,1705,366,42.5,60.5,1125,12.0,202,24.0,402,58.9,988,1.7,4.1,94.2,10.6,28.5,28.5,0.0,863,1,1,0,0,0,50,2,2,0,0,0,0,0,0,0,0,0,5,0,0,0,0,0,0,0,0,14,0,0,0,0,0,2,0,0,0
11001001001,2849,7894,3778,4116,5922,5535,1299,41.6,54.0,3344,7.8,406,31.7,1647,55.6,2889,4.7,0.4,94.9,30.6,29.6,29.6,94935.0,2832,9,0,7,1,1,114,13,4,15,0,0,0,2,6,0,0,2,10,1,1,0,1,0,8,0,1,9,3,0,0,0,0,1,1,0,2
11001001002,2176,3497,1580,1917,3198,2688,214,29.7,30.1,967,10.9,230,30.7,650,50.7,1071,28.3,2.6,69.1,30.4,26.9,26.9,0.0,1889,3,3,1,1,3,63,3,4,2,1,0,1,2,2,0,0,0,6,5,2,0,1,2,2,0,1,5,0,1,1,0,0,1,2,0,0
11001001100,2260,4817,2211,2606,3844,3769,976,42.8,62.4,2448,7.1,257,36.8,1327,50.3,1813,4.0,0.9,95.1,38.6,30.5,30.5,97695.0,2056,12,1,10,3,3,131,14,8,6,0,1,1,6,9,0,0,0,12,5,9,0,0,2,5,0,2,17,8,0,3,0,1,1,5,0,0
11001001200,2618,4908,2513,2395,4061,4043,702,38.5,40.9,1694,7.1,276,35.6,1375,49.3,1904,5.2,2.5,92.4,47.8,29.2,0.0,77045.0,2484,2,0,6,0,0,122,6,0,1,0,1,0,1,5,0,0,0,4,1,0,0,0,0,0,0,0,12,3,1,36,0,0,1,1,0,0
11001001301,2074,4016,1813,2203,3441,3441,702,35.5,44.7,1579,3.8,120,28.8,908,65.0,2050,6.4,1.7,91.9,49.8,31.1,0.0,0.0,1966,0,1,0,0,0,104,0,0,0,0,0,0,0,0,0,0,0,0,0,0,1,0,0,0,0,0,11,0,2,0,0,0,11,0,0,0
11001001302,5270,7591,3270,4321,7071,6918,1345,35.6,30.8,2178,9.6,619,30.0,1931,57.3,3693,10.8,2.2,87.0,54.2,27.4,0.0,0.0,4730,3,4,6,0,3,152,7,3,2,0,0,0,1,1,0,1,2,24,4,1,2,0,0,5,0,1,14,9,1,2,0,0,6,5,12,0
11001001401,1512,3369,1451,1918,2606,2526,445,39.3,53.6,1462,7.9,191,33.7,815,54.8,1326,7.4,0.4,92.2,35.3,32.4,0.0,0.0,1506,1,0,1,0,0,31,2,1,1,0,0,0,0,0,0,0,0,1,0,0,0,0,0,2,0,0,2,0,0,0,0,0,0,1,0,0
11001001402,1546,3328,1594,1734,2671,2615,705,41.2,44.9,1225,6.4,155,28.5,686,49.1,1182,9.7,3.7,86.6,28.4,33.1,33.1,0.0,1467,0,0,1,0,2,55,1,0,0,0,0,0,3,0,0,0,1,1,0,0,1,0,0,0,0,0,0,0,1,0,0,0,0,1,0,0
11001001500,2170,6350,3217,3133,4558,4394,1248,45.3,62.6,3012,10.5,451,29.8,1275,55.7,2382,1.7,0.9,97.4,11.7,28.0,0.0,0.0,2046,0,3,0,0,0,42,2,1,0,0,0,0,0,0,0,0,0,0,0,0,0,0,0,0,0,0,12,0,1,0,0,0,5,0,0,0
11001001600,1716,4175,2066,2109,3379,3325,939,50.1,50.8,1779,11.5,374,28.8,940,49.8,1625,3.9,0.8,95.3,20.1,33.3,33.3,0.0,1547,0,0,0,0,1,64,11,0,17,0,1,1,0,2,0,0,0,3,5,0,0,0,1,1,0,0,4,5,0,9,0,0,2,2,0,0
11001001702,1367,3083,1431,1652,2671,2615,451,42.0,39.6,1075,16.9,426,27.5,691,34.0,854,9.0,5.2,85.9,45.5,31.9,0.0,0.0,1343,0,0,3,0,2,138,7,4,9,2,0,0,1,1,0,0,1,3,1,0,0,1,1,0,0,0,3,15,0,1,0,0,2,2,0,0
11001001803,1654,4042,1902,2140,3006,2908,569,34.7,45.6,1416,26.3,716,19.0,518,15.7,426,12.7,15.2,72.1,39.3,34.8,34.8,0.0,1557,0,1,1,0,0,42,2,0,0,0,0,0,0,0,0,0,0,0,0,0,0,0,0,0,0,0,38,0,1,0,0,0,2,0,0,0
11001001804,2241,5619,2902,2717,4423,4247,548,34.6,28.3,1308,24.5,970,12.8,508,13.2,521,16.4,13.0,70.6,37.3,29.5,0.0,0.0,2091,2,0,1,0,1,54,6,0,2,0,0,1,1,4,0,0,0,1,8,0,0,0,0,3,0,0,0,0,2,1,0,0,2,2,0,0
11001001901,1667,3997,1754,2243,3151,3027,624,37.8,31.0,1040,28.7,806,23.6,663,14.4,406,10.6,8.0,81.5,39.4,34.1,0.0,0.0,1449,0,0,2,0,0,35,6,4,5,0,0,0,1,1,0,0,0,3,4,2,0,0,0,5,0,1,4,0,3,0,0,0,0,1,0,0
11001001902,866,2337,925,1412,1975,1965,401,41.2,31.3,632,31.4,588,14.2,266,28.2,528,8.5,3.4,88.2,33.2,34.7,0.0,39435.0,841,0,0,1,0,0,38,5,4,3,0,0,0,0,0,0,0,0,0,0,0,0,0,0,0,0,0,10,1,2,0,0,0,0,2,0,0
11001002001,1072,2848,1354,1494,2307,2244,498,42.5,43.7,1022,15.9,351,26.0,576,21.3,471,6.8,15.7,77.5,37.9,31.9,0.0,41472.0,1009,0,1,0,0,0,36,3,0,2,1,0,0,0,0,0,0,1,0,0,0,0,0,0,0,0,0,0,1,0,2,0,0,1,1,0,0
11001002002,1479,3911,1858,2053,3133,3068,530,42.0,46.9,1544,22.4,665,20.2,601,22.3,664,13.3,5.9,80.9,28.6,31.9,0.0,51680.0,1376,3,1,3,0,1,60,3,1,20,0,0,1,0,4,0,0,0,5,7,0,0,8,0,1,0,0,0,6,1,2,0,0,1,0,0,0
11001002101,2338,5859,2834,3025,4487,4253,655,37.5,31.8,1491,23.6,951,16.9,680,8.5,344,14.9,6.7,78.4,45.9,35.1,0.0,36384.0,2109,0,0,2,0,1,68,2,8,6,0,0,5,0,2,0,0,0,13,10,0,0,0,0,2,0,0,6,3,2,1,0,0,0,5,0,0
11001002102,2287,4921,2336,2585,4064,3961,613,40.5,20.4,868,25.8,968,22.9,861,20.2,758,18.0,2.6,79.4,33.6,33.2,0.0,51171.0,2139,0,0,1,0,1,57,6,2,6,0,0,3,0,0,0,0,0,0,0,0,0,0,0,1,0,0,8,2,4,1,0,0,0,4,0,0
11001002201,1207,3704,1883,1821,3073,3027,535,35.7,37.5,1205,25.9,679,24.4,641,10.9,285,7.9,5.5,86.6,32.8,33.4,0.0,40131.0,1168,0,0,1,0,0,10,0,3,2,0,0,0,0,1,0,0,0,4,0,0,0,0,0,0,0,0,0,0,0,0,0,0,0,2,0,0
11001002202,1473,3974,2071,1903,2977,2830,341,32.5,24.4,762,24.1,634,16.8,441,13.4,351,26.4,11.6,62.0,47.6,32.4,32.4,0.0,1313,0,0,1,0,0,18,2,0,2,0,0,0,0,0,0,0,0,0,0,0,0,0,0,1,0,0,2,0,0,0,0,0,0,1,0,0
11001002301,1196,3220,1451,1769,2644,2642,391,39.1,33.7,931,23.7,574,19.1,464,23.5,569,10.5,4.3,85.2,33.7,30.9,0.0,0.0,1094,0,0,1,0,0,18,0,0,1,0,0,2,0,0,0,0,0,2,4,0,0,0,0,0,0,0,0,0,1,4,0,0,2,0,0,0
11001002302,1105,1711,906,805,1619,1619,589,43.5,20.1,325,18.0,254,21.0,296,33.6,474,23.9,3.3,72.8,28.6,34.6,0.0,0.0,816,2,0,1,0,11,270,2,0,0,0,0,0,0,1,0,0,0,1,0,0,0,0,0,0,0,0,0,0,0,0,0,0,1,0,2,0
11001002400,1477,4257,2153,2104,3650,3481,415,36.1,27.2,1026,22.3,700,23.7,745,21.3,671,7.8,10.2,82.0,44.8,30.4,30.4,0.0,1352,0,7,16,0,0,54,4,6,14,0,0,3,2,3,0,0,1,9,7,1,2,0,0,0,1,0,7,8,4,9,0,0,6,0,8,0
11001002501,1066,2648,1300,1348,2158,2069,374,39.2,27.7,616,19.1,383,17.0,341,23.1,465,23.0,4.1,72.9,34.1,34.6,34.6,0.0,1040,0,0,6,0,1,57,11,0,10,0,0,0,2,0,0,0,0,8,2,0,0,0,0,0,0,0,18,1,1,1,0,0,0,3,0,0
11001002502,2540,5852,3039,2813,4673,4577,381,34.3,27.1,1287,17.5,762,15.0,651,26.0,1128,14.7,6.0,79.4,45.8,33.7,0.0,0.0,2325,1,0,9,2,1,89,7,2,9,0,0,2,1,5,0,0,1,13,2,1,0,0,0,3,0,1,9,1,3,1,0,0,0,3,2,0
11001002600,1046,2573,1231,1342,2156,2059,489,46.1,48.0,1071,9.8,195,28.2,560,52.3,1037,5.1,1.9,93.0,27.0,33.0,33.0,0.0,1009,0,1,1,1,0,28,3,1,6,0,0,0,1,0,0,0,0,0,0,0,0,0,0,0,0,0,24,2,1,0,0,0,1,0,0,0
11001002701,2879,5428,2925,2503,4448,4330,531,32.6,31.8,1424,12.0,502,29.6,1238,39.1,1634,16.3,9.7,74.0,45.6,32.9,0.0,0.0,2668,0,0,0,0,0,60,3,2,2,0,1,0,0,0,0,0,0,1,0,0,0,0,0,0,0,0,0,0,2,0,0,0,1,0,2,0
11001002702,2445,6300,3047,3253,5413,5224,364,32.7,31.9,1752,7.9,378,24.1,1154,39.7,1902,7.8,8.8,83.3,49.1,31.7,0.0,52490.0,2319,3,0,9,1,2,22,4,1,2,0,0,1,3,5,0,0,2,16,6,2,0,0,0,2,0,1,1,3,0,4,0,0,2,3,2,0
11001002801,1869,4033,2124,1909,3169,3119,354,30.8,21.8,712,16.1,448,17.1,477,21.2,592,21.0,8.1,70.9,53.5,31.9,0.0,0.0,1723,0,0,1,0,0,42,1,4,5,0,0,0,2,1,0,0,0,7,7,2,0,0,0,1,0,0,0,1,0,2,0,0,0,0,0,0
11001002802,2130,4750,2391,2359,3858,3772,406,30.8,20.2,811,12.6,439,22.3,776,20.8,723,19.6,15.7,64.7,61.9,31.5,31.5,0.0,2041,4,2,1,0,3,39,11,2,13,0,0,1,2,3,0,0,0,9,2,2,0,0,1,4,0,1,12,11,5,1,0,0,3,0,2,0
11001002900,1712,4567,2335,2232,3884,3803,206,30.9,22.2,874,10.2,347,28.9,983,34.3,1170,7.5,3.0,89.5,55.2,32.8,32.8,47306.0,1582,2,0,3,2,0,24,0,3,5,0,0,2,0,2,0,0,0,11,9,3,0,0,0,1,1,1,1,2,0,6,0,0,0,4,40,0
11001003000,1563,3534,1593,1941,2814,2710,228,28.9,24.9,725,10.9,263,33.5,809,34.3,829,26.2,7.9,65.9,51.6,32.5,0.0,0.0,1446,4,0,6,0,1,31,3,1,1,0,0,0,3,4,0,0,1,5,1,0,0,0,1,0,1,0,2,1,0,0,0,0,0,1,0,0
11001003100,1312,3350,1613,1737,2778,2682,252,33.4,28.3,789,11.1,272,27.8,683,20.5,505,10.6,22.4,67.0,48.4,34.1,34.1,0.0,1160,2,1,7,0,4,43,1,2,2,0,0,2,3,2,0,0,3,11,7,0,2,0,1,1,0,0,9,5,0,3,0,0,1,3,8,0
11001003200,1906,4997,2278,2719,4198,4086,550,33.5,28.2,1223,15.1,536,18.0,640,18.1,643,16.3,12.1,71.6,50.4,30.4,0.0,0.0,1665,0,0,2,1,2,46,4,2,6,0,0,3,2,3,0,0,1,10,16,0,1,1,1,0,0,0,4,0,0,9,0,0,0,1,8,0
11001003301,1614,3619,1930,1689,3291,3258,255,31.2,21.2,709,14.0,408,40.8,1188,36.1,1051,7.6,1.4,91.0,30.0,28.3,0.0,62359.0,1506,0,5,1,0,0,6,0,1,5,0,0,1,1,1,0,0,0,0,0,0,0,0,0,0,0,0,0,5,0,0,0,0,0,1,0,0
11001003302,1009,2338,1056,1282,2012,1962,153,32.5,29.5,597,11.8,204,34.4,593,37.5,646,12.1,5.5,82.4,33.1,29.2,29.2,71500.0,926,0,0,5,0,0,2,0,1,5,0,0,1,2,1,0,0,1,6,1,0,0,0,0,0,0,0,1,0,0,0,0,0,1,1,2,0
11001003400,1444,4716,1937,2779,4369,2510,205,22.3,8.3,371,14.6,313,27.1,579,30.8,659,18.8,6.6,74.5,41.2,27.5,0.0,0.0,1178,0,2,2,2,4,179,12,6,8,2,0,1,1,3,0,0,0,10,1,0,1,0,0,0,0,0,7,0,0,2,0,0,4,3,0,0
11001003500,1231,5603,2496,3107,5102,4200,304,23.0,12.2,636,18.1,442,26.2,639,19.7,481,21.0,5.0,74.0,45.4,31.6,0.0,0.0,1163,0,0,6,1,0,97,6,3,3,0,0,4,1,3,0,1,1,13,9,1,4,0,0,2,0,0,32,1,1,1,0,0,2,3,0,0
11001003600,2272,5036,2761,2275,4593,4529,208,32.2,17.7,829,10.3,410,32.1,1272,33.7,1339,10.4,15.5,74.1,45.8,28.9,0.0,0.0,2037,0,0,2,0,0,48,5,2,1,0,2,0,0,0,0,0,0,0,0,0,0,0,0,0,0,0,6,1,1,0,0,0,2,0,2,0
11001003700,2712,5860,2916,2944,4860,4525,313,29.9,19.1,942,15.4,611,26.5,1051,31.0,1231,17.3,13.1,69.5,45.8,28.7,0.0,0.0,2526,0,2,3,0,0,71,1,2,2,0,0,0,1,0,0,0,0,1,0,0,0,0,0,1,0,0,0,3,0,2,0,0,4,0,0,0
11001003800,2835,4969,2642,2327,4596,4596,336,33.9,31.9,1485,13.7,613,30.8,1380,41.4,1858,11.1,6.1,82.7,44.9,28.3,28.3,0.0,2648,1,0,14,0,0,89,6,2,5,0,2,12,2,14,0,0,2,26,4,2,2,2,1,1,0,1,9,4,0,8,0,0,3,3,6,0
11001003900,2908,4492,2118,2374,4285,4283,325,32.5,24.8,1068,7.6,312,34.5,1415,53.7,2202,9.8,2.7,87.4,56.1,31.1,0.0,69368.0,2629,5,0,8,0,2,58,2,4,1,0,1,0,2,1,0,0,0,5,0,0,0,0,0,2,0,0,2,2,0,2,0,0,1,0,2,0
11001004001,2377,4120,2282,1838,3763,3763,443,34.6,30.9,1169,5.6,201,37.2,1336,53.1,1908,4.4,7.2,88.4,44.0,28.5,28.5,0.0,2189,2,0,1,0,1,44,1,0,0,0,2,3,3,0,0,0,0,6,0,0,0,0,1,1,0,0,4,2,0,3,0,0,3,3,44,0
11001004002,1925,2998,1567,1431,2791,2791,210,34.7,29.1,830,6.8,176,33.2,858,55.7,1441,3.8,1.3,94.8,38.1,29.0,0.0,61827.0,1815,4,0,2,0,1,34,1,4,2,1,3,1,2,4,0,0,2,15,2,3,2,0,0,1,0,0,3,1,0,2,0,0,4,3,0,0
11001004100,1710,2759,1380,1379,2479,2463,523,42.9,42.8,1083,4.2,100,28.2,667,64.1,1517,5.7,1.4,92.9,30.4,24.4,24.4,0.0,1521,0,0,0,0,0,124,4,1,9,0,4,1,0,0,0,0,0,2,0,0,0,0,0,0,0,0,4,0,1,132,0,0,8,0,2,0
11001004201,2117,3625,1924,1701,3476,3476,140,31.8,22.7,788,2.6,83,31.4,984,58.7,1840,4.9,2.2,92.9,38.3,25.6,0.0,66773.0,2117,0,0,1,0,0,48,0,6,2,0,2,3,4,3,0,0,1,4,2,1,0,0,0,2,0,0,0,0,0,2,0,0,2,1,4,0
11001004202,1891,2635,1321,1314,2527,2460,170,31.8,21.6,546,6.3,146,31.8,742,60.0,1402,7.4,1.0,91.6,41.7,27.6,0.0,75964.0,1686,2,0,1,0,0,99,0,1,1,1,3,4,3,3,0,0,1,12,2,0,1,0,0,1,0,0,0,2,0,20,0,0,7,3,2,6
11001004300,2127,3720,2127,1593,3301,3273,467,34.9,26.5,891,6.3,191,34.1,1040,41.6,1268,11.8,6.9,81.3,43.5,28.1,0.0,66335.0,2020,4,0,12,0,0,53,3,5,8,0,0,3,3,5,0,0,1,18,1,2,1,0,0,1,0,1,1,2,2,2,0,0,0,3,4,0
11001004400,2733,5702,3099,2603,5320,5320,412,32.7,26.9,1434,3.6,174,35.7,1738,51.1,2492,13.5,1.3,85.3,35.5,25.2,25.2,77205.0,2691,2,2,7,3,5,82,12,3,7,1,0,29,7,9,0,0,6,49,6,8,1,1,1,1,1,1,7,6,0,16,0,0,6,4,6,0
11001004600,1407,2947,1356,1591,2406,2332,277,31.9,23.3,575,18.2,405,23.3,517,21.1,468,13.9,3.7,82.4,26.0,28.2,0.0,48784.0,1217,0,0,4,0,0,45,8,3,8,0,0,1,0,3,0,0,0,5,0,0,1,0,0,0,0,0,7,1,3,0,0,0,0,5,0,0
11001004701,2472,4478,2180,2298,3494,3313,443,30.1,17.0,606,22.3,706,12.5,397,28.4,900,23.6,25.8,50.5,37.0,31.2,0.0,0.0,2325,2,3,5,0,1,47,5,1,4,0,0,0,1,2,0,0,0,6,1,0,0,0,0,1,0,1,2,2,2,0,0,0,1,0,0,0
11001004702,1457,2558,1219,1339,2368,2334,271,32.9,25.1,610,13.4,302,28.7,645,38.3,861,15.1,8.6,76.3,28.7,23.1,0.0,78284.0,1411,0,0,3,0,0,30,5,0,4,0,4,0,2,3,0,0,0,10,0,0,0,1,0,1,0,0,4,8,1,2,1,0,5,2,2,0
11001004801,1212,2223,1029,1194,2021,1930,308,37.3,22.6,467,17.5,322,30.7,566,29.9,552,9.7,2.1,88.2,46.2,30.5,0.0,59375.0,1062,2,3,2,2,0,39,3,0,5,0,0,4,5,2,0,0,0,12,0,0,0,0,0,1,0,0,8,3,2,3,0,0,0,3,0,0
11001004802,1813,3548,1650,1898,3063,2993,277,32.5,20.3,644,12.7,353,24.1,672,24.7,688,25.7,6.6,67.7,34.5,25.2,25.2,56684.0,1724,0,0,0,0,0,58,1,3,14,0,2,1,1,1,0,0,0,2,0,0,0,0,0,0,0,0,0,4,1,0,0,0,2,1,6,0
11001004901,1190,2600,1204,1396,2127,2030,169,32.2,29.2,639,11.6,228,31.8,624,25.9,509,20.8,15.6,63.5,30.4,24.9,0.0,0.0,1107,1,0,7,0,0,34,7,4,10,2,0,1,1,2,0,1,0,11,2,0,0,0,2,1,0,2,12,5,1,0,0,0,2,3,2,0
11001004902,1537,2842,1515,1327,2565,2540,73,32.2,24.3,627,13.2,301,25.6,582,36.1,822,12.3,17.5,70.2,34.3,24.3,0.0,55976.0,1424,1,3,3,0,1,43,2,1,4,2,7,7,5,1,0,0,0,15,1,0,0,0,1,1,0,0,0,5,0,3,1,0,9,6,0,0
11001005001,1001,2116,1287,829,1936,1911,97,35.2,37.0,716,7.6,142,39.2,729,41.7,776,8.3,2.6,89.2,26.8,24.0,0.0,0.0,942,0,6,2,1,1,32,2,2,8,0,1,0,0,0,0,0,1,4,0,2,1,0,0,0,0,0,2,0,0,1,0,0,1,0,2,0
11001005002,3790,6051,3548,2503,5639,5570,421,35.3,22.4,1262,12.5,663,21.7,1148,37.9,2006,13.1,13.1,73.9,24.0,23.0,23.0,71926.0,3591,0,25,4,0,0,45,0,7,7,0,3,2,1,0,0,0,1,8,0,0,0,0,0,0,0,0,2,3,0,0,0,0,7,1,4,0
11001005201,4473,6224,3487,2737,6096,6091,260,31.5,24.1,1469,9.9,561,32.1,1818,48.2,2727,7.9,0.4,91.7,30.1,24.9,0.0,71238.0,4104,8,0,7,1,1,55,0,4,13,0,12,11,5,6,0,0,1,17,3,4,1,2,1,1,0,1,2,4,0,12,0,0,16,4,0,0
11001005301,3668,4999,2457,2542,4720,4617,338,31.7,21.0,995,5.2,224,37.5,1622,55.3,2395,7.8,2.8,89.4,31.8,24.3,0.0,0.0,3419,2,0,3,1,1,84,6,4,5,0,3,4,3,5,0,0,2,15,2,1,0,0,0,2,0,1,5,2,2,28,0,0,4,2,2,0
11001005500,4885,6632,3388,3244,6425,6142,689,33.2,29.7,1908,5.4,293,28.0,1520,61.4,3335,18.2,1.8,80.0,32.7,25.7,25.7,0.0,4176,7,3,8,1,4,136,8,9,2,0,23,3,12,11,0,0,3,37,4,4,2,0,1,2,0,0,9,12,0,19,0,0,29,5,4,0
11001005600,4221,6964,3183,3781,6823,5740,1212,28.1,19.8,1360,8.1,326,29.9,1199,54.1,2170,22.1,5.9,72.0,27.9,25.2,0.0,0.0,3570,3,3,3,0,2,56,5,2,8,0,10,0,3,4,1,1,2,11,1,0,0,0,0,1,1,0,0,8,1,2,0,0,11,1,10,4
11001005800,2259,2781,1476,1305,2622,2594,331,39.9,40.5,1067,4.5,111,25.1,623,56.0,1391,16.4,1.0,82.6,29.8,21.8,0.0,0.0,1769,41,1,29,10,6,18,9,9,15,0,14,11,26,49,1,1,14,107,4,24,7,1,4,6,0,0,6,55,6,21,5,0,52,9,2,0
11001005900,1624,2882,1485,1397,2783,2749,120,28.5,15.1,420,8.1,161,41.7,834,38.4,767,13.9,2.8,83.3,34.2,23.1,0.0,0.0,1423,2,0,7,0,2,39,3,5,5,0,7,0,6,2,0,0,4,9,0,0,0,0,0,0,0,0,0,21,3,4,0,0,22,2,0,0
11001006202,54,117,60,57,97,97,0,24.8,0.0,0,25.9,14,0.0,0,74.1,40,0.0,0.0,100.0,0.0,0.0,0.0,64183.0,54,5,148,42,12,0,157,8,13,0,0,2,0,8,17,1,0,0,7,0,0,10,0,0,0,0,0,132,88,2,75,6,0,277,1,0,0
11001006400,1210,2130,826,1304,1763,1607,265,33.4,17.4,322,25.1,369,14.2,209,6.7,99,44.3,19.7,36.1,34.4,29.9,29.9,0.0,1042,0,0,2,0,0,110,0,0,2,0,0,0,0,0,0,0,0,3,0,0,0,0,0,0,0,0,4,1,0,0,0,0,0,1,46,0
11001006500,1491,2583,1208,1375,2307,2290,214,32.3,36.0,835,7.5,160,31.9,678,51.3,1092,8.2,1.4,90.5,45.4,22.9,0.0,71847.0,1144,3,5,2,0,1,56,11,3,10,0,6,0,4,6,0,0,3,15,1,0,1,0,2,0,0,0,6,0,0,1,0,0,5,5,6,0
11001006600,1112,1904,895,1009,1645,1645,302,39.2,43.6,731,7.5,120,33.1,527,57.3,911,2.6,2.0,95.3,41.3,25.8,0.0,0.0,904,6,4,4,1,0,49,3,1,3,0,2,0,4,1,0,0,0,10,1,1,1,0,0,1,2,0,2,4,1,2,0,0,4,3,0,0
11001006700,1928,4213,1922,2291,3655,3597,562,39.1,47.6,1753,5.1,171,31.0,1041,58.8,1975,3.9,0.9,95.2,43.8,27.8,0.0,77614.0,1861,0,1,1,0,0,28,2,1,6,0,1,0,1,1,0,0,0,0,0,0,0,0,0,0,0,0,0,0,0,0,0,0,1,0,22,0
11001006801,966,2017,1062,955,1798,1733,216,35.9,28.2,510,17.0,274,26.0,419,25.8,416,10.1,4.7,85.2,44.2,29.8,0.0,0.0,887,0,0,1,0,0,24,2,2,0,0,0,0,0,0,0,0,0,0,1,0,0,0,0,0,0,0,0,1,0,0,0,0,0,0,0,0
11001006802,1055,2342,1139,1203,1896,1870,232,36.5,40.4,775,12.1,204,22.8,384,43.5,732,10.8,3.7,85.5,48.7,29.6,0.0,0.0,983,0,0,0,0,0,30,0,0,2,0,0,0,0,0,0,0,0,0,0,0,0,0,0,0,0,0,0,0,1,0,0,0,0,0,0,0
11001006804,4,2949,2747,202,2924,2666,46,35.0,19.7,581,17.7,419,2.5,59,0.9,21,90.8,6.1,3.1,36.4,0.0,0.0,0.0,4,0,14,5,0,0,66,3,0,2,0,0,0,0,0,0,0,0,0,0,0,0,0,0,0,0,0,12,3,0,0,0,0,39,0,0,0
11001006900,1251,2181,1006,1175,1918,1918,195,41.2,41.3,796,12.1,229,25.9,492,46.0,873,3.9,2.6,93.5,40.7,28.2,28.2,78100.0,1198,0,0,4,0,1,46,3,1,8,0,0,2,1,1,0,0,0,1,2,0,0,0,0,0,0,0,16,6,1,0,0,0,0,1,0,0
11001007000,1255,2794,1582,1212,2477,2176,296,31.5,35.4,902,8.1,155,32.7,629,47.7,917,5.2,3.1,91.7,23.8,21.1,0.0,61039.0,1137,0,0,3,2,0,90,4,3,12,0,0,3,5,6,0,1,4,18,2,0,0,0,1,0,0,0,2,6,0,1,0,0,0,2,0,0
11001007100,1392,3064,1435,1629,2373,2275,313,32.4,26.9,669,16.3,352,24.2,522,31.1,671,25.0,12.4,62.6,51.5,27.0,0.0,71607.0,1321,0,0,1,0,0,72,5,0,4,0,0,0,0,2,0,0,0,0,1,0,0,0,0,1,0,0,0,2,0,1,0,0,0,0,0,0
11001007200,2436,4584,2480,2104,4252,4097,303,30.7,26.9,1153,8.1,280,35.9,1249,42.6,1482,12.2,8.0,79.8,29.2,22.1,0.0,61125.0,2252,5,0,13,0,1,193,3,1,4,0,6,9,6,12,0,1,1,30,1,1,0,0,1,2,0,0,14,21,0,5,0,0,8,1,4,0
11001007301,1273,4002,2249,1753,2621,2317,24,23.0,66.7,1779,38.9,685,23.7,417,30.8,543,2.7,9.2,88.1,2.5,15.0,15.0,34375.0,1037,2,10,0,0,2,780,2,4,6,0,0,0,3,3,2,0,0,2,1,0,0,0,0,4,0,1,52,2,4,2,0,0,3,0,0,0
11001007304,1430,3514,1223,2291,2629,2439,397,34.3,19.6,532,29.0,630,7.7,167,5.2,112,40.6,9.3,50.1,53.0,33.1,0.0,0.0,1239,1,0,3,0,2,120,10,0,0,0,0,0,0,0,0,0,0,1,0,1,0,0,0,1,0,0,0,2,1,0,0,0,0,0,0,0
11001007401,1085,2453,1035,1418,1574,1422,148,27.4,2.9,50,16.7,219,3.7,49,3.8,50,60.8,18.6,20.7,62.5,42.8,0.0,17351.0,952,0,0,1,0,1,110,8,2,6,0,0,0,0,1,0,0,0,2,0,0,0,0,0,0,0,0,8,18,1,0,0,0,2,2,0,0
11001007403,1183,3500,1627,1873,2229,2043,131,25.5,9.4,241,29.6,539,4.8,87,3.2,59,31.7,21.7,46.7,53.1,38.7,0.0,0.0,1104,1,0,0,0,0,56,1,0,1,0,0,0,0,1,0,0,0,0,0,1,0,0,0,0,0,1,0,0,1,0,0,0,0,0,0,0
11001007404,1444,3795,1425,2370,2257,2072,165,22.9,21.4,531,18.9,343,12.1,220,3.4,62,40.4,18.6,41.0,54.6,38.3,0.0,32572.0,1215,0,0,0,0,0,58,4,0,2,0,0,0,0,0,0,0,0,0,0,0,0,0,0,0,0,0,2,10,3,0,0,0,0,0,0,0
11001007406,1134,3061,1366,1695,1934,1789,106,25.3,20.4,408,35.5,556,3.5,55,0.2,3,29.9,12.0,58.1,51.3,35.8,0.0,27009.0,917,0,0,0,0,0,46,4,0,3,0,0,0,0,0,0,0,0,0,0,0,0,0,0,0,0,0,8,0,1,0,0,0,0,0,0,0
11001007407,1380,2734,1233,1501,1958,1813,261,32.4,14.0,287,31.3,527,10.9,184,2.6,44,25.2,18.9,55.8,31.1,28.6,0.0,0.0,1183,0,0,1,0,0,44,6,0,2,0,0,0,0,0,0,0,0,0,3,0,0,0,0,1,0,0,4,0,0,0,0,0,3,1,8,0
11001007408,1304,3548,1805,1743,2451,2264,160,29.8,12.7,338,21.9,429,2.5,50,0.0,0,52.0,10.2,37.8,43.0,36.1,0.0,0.0,1092,0,0,0,0,0,60,3,2,2,0,0,0,0,0,0,0,0,0,0,0,0,0,0,0,0,0,0,0,1,0,0,0,0,0,0,0
11001007409,1640,3802,1496,2306,2642,2370,225,27.9,9.6,268,24.8,522,5.9,124,2.2,47,37.8,12.6,49.6,42.7,37.7,0.0,0.0,1525,0,0,2,0,0,50,0,0,0,0,0,0,0,1,0,0,0,0,0,0,0,0,0,1,0,0,0,0,2,0,0,0,0,1,0,0
11001007502,2007,5361,2088,3273,3827,3341,471,31.2,14.6,611,23.0,688,7.5,224,8.6,257,52.2,7.7,40.1,42.3,35.0,0.0,37869.0,1800,0,0,0,0,0,89,4,2,3,0,0,0,0,3,0,0,0,0,0,0,0,0,0,0,0,0,0,0,2,0,0,0,0,1,0,0
11001007503,1083,2694,1261,1433,1660,1505,202,24.8,15.8,279,24.2,324,6.5,87,7.7,103,47.1,5.9,47.0,41.9,36.3,0.0,0.0,921,2,0,5,0,6,108,2,3,12,0,0,0,1,1,0,0,0,9,2,3,0,0,0,2,0,0,0,3,2,12,0,0,11,0,0,0
11001007504,1365,2780,1202,1578,1882,1778,129,28.2,14.3,282,24.1,375,5.7,88,5.4,84,48.2,18.5,33.3,38.5,37.2,0.0,31140.0,1052,0,0,1,0,0,66,2,0,1,0,0,0,0,0,0,0,0,0,0,0,0,0,0,0,0,0,8,0,1,0,0,0,0,1,0,0
11001007601,2362,4182,1926,2256,3369,3224,677,43.3,17.8,621,33.4,1017,7.7,235,7.8,237,24.0,12.2,63.8,38.8,32.9,0.0,0.0,1925,1,0,4,0,0,85,11,2,9,0,0,0,0,0,0,0,0,0,0,0,0,0,0,0,0,0,24,0,4,0,0,0,1,2,0,0
11001007603,2428,3950,1960,1990,3383,3357,803,46.6,21.8,763,24.4,791,16.7,540,10.9,352,20.7,5.6,73.7,40.0,36.0,0.0,47992.0,2159,3,0,0,0,0,34,4,3,1,0,0,0,1,6,0,0,0,0,3,3,0,0,0,3,0,0,2,0,1,0,0,0,0,1,0,0
11001007604,2006,3766,1938,1828,3102,3005,484,42.1,27.9,886,35.4,992,15.1,424,11.4,319,18.0,3.1,78.9,37.0,33.2,0.0,41195.0,1722,0,0,3,0,0,95,7,3,3,0,0,0,0,0,0,0,0,1,0,0,0,0,0,0,0,0,2,0,1,0,0,0,0,0,0,0
11001007605,1870,3609,1510,2099,3003,2870,483,40.8,24.9,780,23.3,605,8.8,229,8.6,223,28.8,6.2,65.0,37.9,38.9,0.0,32739.0,1589,0,0,2,0,0,50,4,1,2,0,0,0,0,0,0,0,0,0,0,0,0,0,0,0,0,0,0,0,0,1,0,0,0,0,0,0
11001007703,2430,5267,2081,3186,3604,3370,555,31.6,17.5,666,39.3,1206,4.1,127,1.6,48,46.7,15.9,37.4,41.5,31.4,0.0,30330.0,2183,0,0,0,0,0,134,6,0,4,0,0,0,0,2,0,0,0,0,0,0,0,0,0,0,0,0,4,0,1,0,0,0,0,0,0,0
11001007707,1828,4423,2044,2379,3179,2882,567,32.5,17.5,603,31.3,800,10.7,273,6.1,155,28.1,14.5,57.3,40.1,38.3,0.0,0.0,1500,0,0,1,0,0,44,6,0,5,0,0,0,0,0,0,0,0,0,0,0,0,0,0,0,0,0,10,0,3,0,0,0,0,1,0,0
11001007708,1328,3070,1145,1925,2315,2022,289,35.4,13.2,324,20.2,375,2.0,37,2.3,43,31.4,14.6,54.0,61.1,39.1,0.0,36378.0,1158,0,0,0,0,0,34,0,0,1,0,0,0,0,0,0,0,0,0,0,0,0,0,0,0,0,0,0,0,0,0,0,0,0,0,0,0
11001007709,1160,2165,1061,1104,1781,1629,397,40.9,20.0,382,26.0,397,7.3,112,5.1,78,28.8,12.4,58.7,47.6,36.1,0.0,0.0,1004,0,0,0,0,0,46,1,0,1,0,0,0,0,0,0,0,0,0,0,0,0,0,0,1,0,0,12,0,2,0,0,0,0,2,0,0
11001007803,1746,3473,1795,1678,2752,2598,519,41.8,18.9,548,29.1,688,11.9,282,3.3,77,21.2,8.6,70.3,35.7,32.2,0.0,0.0,1499,1,0,7,0,0,89,5,2,13,0,0,0,0,2,0,0,0,2,0,0,0,0,0,0,0,0,4,20,3,0,0,0,0,4,0,0
11001007804,1375,3214,1255,1959,2413,2363,651,41.3,20.6,515,23.0,497,6.2,134,3.3,72,29.0,9.0,62.0,45.7,30.4,0.0,0.0,1121,0,0,1,0,0,74,8,1,10,0,0,0,0,1,0,0,0,0,0,0,0,0,0,2,0,0,8,0,1,0,0,0,0,0,0,0
11001007806,1084,2080,1002,1078,1533,1453,327,37.7,13.8,227,25.9,350,8.6,116,1.3,18,26.4,18.2,55.4,42.9,35.9,0.0,30897.0,921,0,0,1,0,0,80,11,0,14,0,0,0,0,0,0,0,0,0,0,0,0,0,0,1,0,0,0,6,2,0,0,0,0,0,0,0
11001007807,979,2314,1052,1262,1728,1621,243,35.5,24.0,435,29.0,442,8.3,126,6.6,101,21.3,15.4,63.3,43.3,35.6,0.0,0.0,884,0,0,1,0,0,70,3,0,9,0,0,0,0,0,0,0,0,0,0,0,0,0,0,1,0,0,8,0,2,0,0,0,0,1,0,0
11001007808,1639,4289,1968,2321,2945,2682,478,28.6,18.9,593,19.0,439,17.6,407,4.9,114,29.5,9.1,61.4,32.5,42.0,0.0,0.0,1383,0,0,1,0,0,84,7,0,8,0,0,0,0,0,0,0,0,0,0,0,0,0,0,0,0,0,2,0,2,0,0,0,0,1,0,0
11001007809,1362,2805,1162,1643,2154,2002,397,35.3,18.3,417,24.5,469,7.7,148,10.0,192,24.3,9.4,66.2,38.3,35.5,0.0,32175.0,1175,0,0,0,0,0,42,2,0,8,0,0,0,0,2,0,0,0,0,0,0,0,0,0,0,0,0,0,0,1,0,0,0,0,4,0,0
11001007901,1807,3951,1802,2149,3117,2927,287,35.8,19.2,622,26.6,746,13.0,364,17.5,491,23.1,14.9,62.0,30.5,28.5,0.0,0.0,1540,0,0,2,0,0,60,5,0,8,0,0,0,0,1,0,0,0,3,0,0,0,0,0,0,0,0,6,4,2,0,0,0,0,3,2,0
11001007903,910,1825,838,987,1407,1335,210,35.3,26.6,398,20.6,248,22.5,270,17.9,215,26.8,4.6,68.6,38.1,35.1,0.0,0.0,797,0,0,1,0,0,24,5,0,1,0,0,0,0,0,0,0,0,0,0,0,0,0,0,0,0,0,0,8,0,0,0,0,0,1,0,0
11001008001,1418,3184,1370,1814,2703,2699,230,35.2,42.1,1142,17.2,447,29.7,771,41.2,1070,6.5,1.1,92.4,27.4,30.8,0.0,70625.0,1363,0,0,1,0,0,16,5,0,13,0,0,0,0,1,0,0,0,0,0,0,0,0,0,0,0,0,0,0,4,0,0,0,0,2,0,0
11001008002,1645,3546,1777,1769,3057,3012,287,35.8,40.2,1245,13.0,377,32.9,955,39.1,1133,7.2,3.4,89.4,31.3,27.7,27.7,70024.0,1599,0,0,2,0,0,40,6,1,5,0,0,0,1,1,0,0,0,0,1,0,0,0,0,0,0,0,14,0,0,2,0,0,2,1,0,0
11001008100,1468,3212,1630,1582,2734,2720,337,34.1,40.5,1116,9.5,246,44.8,1156,37.8,976,1.7,3.7,94.5,38.5,30.1,0.0,70793.0,1377,0,0,1,0,1,32,2,1,9,0,0,0,0,0,0,0,0,0,0,0,0,0,0,0,0,0,0,0,0,0,0,0,0,0,2,0
11001008200,1525,2929,1274,1655,2640,2396,199,30.1,31.5,834,7.6,162,41.8,887,49.6,1053,7.6,2.4,90.0,31.9,24.0,24.0,74422.0,1402,0,0,4,0,1,62,7,0,10,0,2,1,0,1,0,0,1,2,1,0,0,0,0,0,0,0,0,0,1,5,0,0,5,0,4,0
11001008301,1095,2383,1114,1269,2105,2057,140,32.7,37.1,793,5.6,101,31.7,576,56.7,1031,3.8,0.3,95.9,36.0,25.1,25.1,0.0,989,0,0,0,0,0,75,4,0,2,1,0,1,5,0,0,0,0,9,3,0,0,0,0,0,0,0,0,6,0,1,0,0,2,3,0,0
11001008302,1026,2409,1248,1161,2116,2107,279,34.3,32.4,694,8.5,165,34.6,670,47.0,909,6.5,5.2,88.2,36.8,27.3,27.3,67194.0,991,1,0,3,0,0,24,3,1,5,0,0,0,1,0,0,0,0,4,2,0,0,0,0,0,0,0,6,3,1,2,0,0,0,0,2,0
11001008402,1169,2133,766,1367,1929,1916,398,38.7,28.1,543,12.5,233,32.5,604,34.1,633,10.5,5.3,84.2,34.8,27.5,27.5,0.0,1100,0,0,4,3,1,32,3,0,9,0,0,5,0,1,0,0,1,7,2,2,0,0,0,1,0,0,2,3,1,3,0,0,0,1,0,0
11001008410,642,1355,773,582,1119,1094,132,32.7,33.7,379,18.9,188,33.9,338,32.0,319,8.5,2.1,89.4,26.5,32.3,0.0,60900.0,551,3,0,0,0,1,28,0,0,6,0,0,5,1,3,0,1,4,14,6,8,0,1,0,0,0,2,1,6,0,4,0,0,1,1,0,0
11001008701,1082,2311,1119,1192,2142,2042,222,36.2,17.0,370,14.3,269,21.6,407,26.6,501,10.7,6.6,82.7,37.0,30.4,0.0,47478.0,922,0,0,4,0,0,30,9,0,3,0,0,0,0,1,0,0,0,0,0,0,0,0,0,0,0,0,16,0,0,1,0,0,0,1,0,0
11001008702,850,1930,808,1122,1649,1583,194,36.6,18.2,303,25.7,364,20.1,284,20.1,285,25.3,9.3,65.4,40.8,30.1,0.0,0.0,747,0,0,6,0,0,48,1,2,4,0,0,0,0,0,0,0,0,0,0,0,0,1,0,1,0,0,0,1,1,1,0,0,0,2,0,0
11001008802,2033,4598,2224,2374,3886,3728,636,37.5,16.2,659,25.1,873,18.8,656,15.4,536,25.8,9.0,65.2,28.8,30.2,0.0,0.0,1780,0,0,2,0,0,50,1,1,7,0,0,0,0,0,0,0,0,1,0,0,0,0,0,0,0,0,2,0,0,0,0,0,1,3,0,0
11001008803,662,2148,1149,999,1820,1338,34,24.9,6.0,113,20.4,219,14.9,160,9.2,99,51.8,15.6,32.6,34.2,28.3,0.0,0.0,513,4,5,4,3,0,78,5,2,2,0,8,4,4,4,0,1,2,13,0,1,3,1,0,2,2,0,16,3,1,0,0,0,14,10,0,20
11001008804,1419,2442,1370,1072,2066,1936,222,37.6,15.8,339,32.3,582,11.0,199,11.7,210,30.2,5.4,64.4,50.0,35.3,0.0,0.0,1073,0,0,2,0,0,47,5,0,1,0,0,0,0,0,0,0,2,1,0,0,0,0,0,1,0,0,2,0,1,0,0,0,0,2,0,0
11001008903,1699,3465,1659,1806,2589,2503,376,32.8,13.1,354,18.5,429,17.4,404,8.4,195,32.7,17.0,50.3,36.7,31.6,0.0,0.0,1452,0,0,1,0,2,18,0,1,2,0,0,1,0,2,0,0,0,0,0,0,0,0,0,0,0,0,0,0,1,0,0,0,0,1,0,0
11001008904,1914,3046,1401,1645,2464,2337,234,41.2,20.5,527,23.2,503,9.7,211,4.8,104,24.5,12.0,63.5,41.5,31.5,0.0,0.0,1534,1,0,2,0,0,60,9,1,0,0,0,0,0,0,0,0,0,1,1,1,0,0,0,4,0,0,2,0,3,0,0,0,0,1,0,0
11001009000,1858,3049,1143,1906,2516,2476,921,50.1,23.3,598,24.9,600,14.7,354,13.4,323,17.5,8.6,73.9,23.9,31.7,0.0,0.0,1731,1,0,0,0,0,96,3,0,0,0,0,0,1,3,0,0,0,0,1,0,0,0,2,4,0,2,12,0,0,0,0,0,0,0,0,0
11001009102,2109,5288,2175,3113,3739,3477,431,28.9,15.7,638,30.0,931,15.9,494,9.2,285,28.1,10.3,61.6,45.8,32.6,0.0,0.0,1976,3,0,2,0,1,148,0,4,2,0,3,0,0,4,0,0,0,0,1,2,0,0,0,2,0,2,4,12,4,0,0,1,3,4,0,0
11001009201,861,2261,1123,1138,1912,1661,206,32.3,16.8,328,12.9,184,12.9,184,37.4,532,21.0,10.7,68.3,45.6,29.3,0.0,0.0,768,0,0,2,2,0,97,17,1,1,0,0,1,1,1,0,0,1,3,0,0,1,1,0,0,0,1,0,5,1,3,0,0,1,0,6,0
11001009203,1304,2612,1281,1331,2174,2113,263,35.1,20.5,469,21.3,386,26.2,475,23.1,420,18.6,7.8,73.7,43.3,32.7,32.7,0.0,1020,0,4,0,0,0,12,0,2,6,0,0,0,0,0,0,0,0,2,0,0,0,0,0,0,0,0,0,2,0,0,0,0,0,0,0,0
11001009204,1456,2785,1296,1489,2170,2067,438,37.4,28.5,634,25.7,513,9.4,187,7.3,145,41.1,10.2,48.7,60.8,36.3,36.3,0.0,1315,2,0,1,0,0,36,6,0,2,0,0,0,0,2,0,0,0,0,0,0,0,0,0,0,0,0,8,0,1,0,0,0,0,1,0,0
11001009301,1231,3204,1552,1652,2600,2538,545,40.0,38.3,1023,18.1,447,19.7,486,34.5,852,7.9,7.7,84.4,36.3,30.0,0.0,0.0,1187,0,0,4,0,0,75,6,10,18,0,0,0,0,0,0,0,1,3,0,0,0,0,0,0,0,0,0,9,3,0,0,0,1,0,0,0
11001009302,548,1053,563,490,911,881,169,38.4,37.4,343,21.5,185,17.8,153,19.1,164,7.0,2.3,90.7,37.3,28.4,28.4,55274.0,473,0,0,0,0,0,51,0,3,4,0,0,0,0,0,1,0,0,3,0,0,0,0,0,0,0,0,2,1,0,0,0,0,0,4,0,0
11001009400,1839,4850,2457,2393,3904,3701,873,42.1,33.1,1357,26.6,918,22.8,786,18.7,644,11.8,10.0,78.2,28.0,34.1,0.0,51786.0,1663,0,0,1,0,1,58,11,3,15,0,0,1,2,0,0,0,0,3,0,0,0,0,0,0,0,0,20,0,3,0,0,0,0,3,0,0
11001009501,1961,7088,3509,3579,5647,4031,441,23.3,18.1,1057,28.3,951,11.0,369,11.7,392,23.1,22.8,54.0,33.7,28.1,0.0,18720.0,1832,0,7,3,2,0,184,13,3,9,0,0,0,1,0,0,0,0,1,0,0,0,0,0,1,0,0,18,1,0,0,2,0,3,1,0,0
11001009503,1297,3347,1520,1827,2660,2519,620,42.3,33.2,945,22.2,527,27.8,658,33.0,783,8.9,2.5,88.7,24.5,30.4,0.0,0.0,1270,0,5,1,0,2,58,7,1,11,0,0,0,0,0,0,0,0,0,0,0,0,0,0,0,0,0,2,2,0,0,0,0,6,0,0,0
11001009504,1432,3315,1453,1862,2935,2919,930,49.0,24.8,744,23.5,647,14.7,404,21.9,602,12.4,10.9,76.7,41.7,30.0,0.0,0.0,1283,1,0,0,0,3,91,12,1,1,0,0,0,1,0,0,0,1,0,2,0,0,0,0,0,0,0,14,0,3,0,0,0,1,3,0,0
11001009505,1243,2701,1220,1481,2287,2252,669,50.6,34.3,784,19.5,419,24.0,516,14.6,313,9.7,1.7,88.6,40.6,34.5,34.5,0.0,1114,2,0,1,0,0,73,5,0,7,0,0,0,1,4,0,0,0,0,0,0,0,0,0,1,0,0,2,0,2,0,0,0,0,2,0,0
11001009507,615,1631,663,968,1299,1229,330,42.2,25.5,341,25.8,294,18.5,210,14.0,159,11.2,8.7,80.1,25.0,30.7,30.7,53125.0,583,0,0,0,0,0,14,1,0,0,0,0,0,0,0,0,0,0,0,0,0,0,0,0,0,0,0,0,0,1,0,0,0,0,1,0,0
11001009508,1724,3829,1575,2254,3153,3108,653,36.5,23.9,761,33.1,947,21.2,606,19.0,542,7.7,6.5,85.8,41.0,30.7,0.0,40255.0,1617,0,0,1,0,1,75,9,0,0,0,0,0,0,0,0,0,0,0,0,0,0,0,0,0,0,0,0,19,0,0,0,0,1,0,0,0
11001009509,1377,3485,1554,1931,2767,2738,688,35.6,30.0,853,24.8,604,20.1,491,18.7,456,4.3,9.0,86.7,43.0,29.7,0.0,41272.0,1289,0,0,0,0,0,36,1,0,1,0,0,0,0,0,0,0,0,0,0,0,0,0,0,0,0,0,0,0,0,0,0,0,0,2,0,0
11001009601,880,2211,850,1361,1602,1495,269,34.9,15.5,274,26.2,343,8.0,105,9.3,122,43.3,8.9,47.8,35.8,32.2,0.0,27229.0,784,0,1,0,0,0,76,3,0,4,0,0,0,0,1,0,0,0,0,0,0,0,0,0,0,0,0,6,4,2,0,0,0,6,0,0,0
11001009602,1656,3457,1090,2367,2239,2107,202,26.9,8.8,207,24.7,482,4.1,79,1.6,32,41.5,19.2,39.3,41.0,37.2,0.0,0.0,1575,0,0,1,0,0,102,3,0,2,0,0,0,0,0,0,0,0,0,0,0,0,0,0,0,0,0,0,1,0,0,0,0,0,0,0,0
11001009603,1800,3014,1236,1778,2494,2306,442,45.3,14.1,368,31.5,652,9.0,187,9.0,186,16.6,11.0,72.4,47.6,34.4,0.0,35956.0,1557,2,0,1,1,4,82,7,5,1,0,0,2,0,5,0,0,0,3,3,5,0,0,0,6,0,0,0,0,0,0,0,0,0,4,0,0
11001009604,1046,2108,986,1122,1785,1744,520,48.1,18.6,343,31.1,517,11.9,198,6.7,112,9.7,9.2,81.1,29.7,33.6,0.0,38199.0,993,0,0,3,0,0,34,3,1,1,0,0,1,0,0,0,0,0,0,0,0,0,0,0,0,0,0,4,0,0,0,0,0,0,1,0,0
11001009700,1327,3371,1349,2022,2390,2234,293,29.8,14.9,378,26.6,535,10.9,220,2.1,42,38.6,15.2,46.2,35.4,38.2,0.0,0.0,1154,0,0,0,0,0,88,2,0,1,0,0,0,1,0,0,0,0,0,0,0,0,0,0,0,0,0,0,0,3,0,0,0,0,0,0,0
11001009801,936,2159,948,1211,1341,1239,219,26.4,12.5,178,32.1,369,6.0,69,8.1,93,40.1,12.5,47.4,35.5,36.1,0.0,29107.0,801,0,0,1,0,0,38,2,0,1,0,0,0,0,0,0,0,0,0,0,0,0,0,0,0,0,0,0,0,1,0,0,0,0,1,0,0
11001009802,886,1646,750,896,1083,972,138,30.2,14.6,165,24.2,218,9.3,84,3.9,35,49.6,8.7,41.7,59.5,48.2,0.0,34063.0,614,0,0,0,0,0,20,0,0,0,0,0,0,0,0,0,0,0,0,0,0,0,0,0,0,0,0,0,0,0,0,0,0,0,0,0,0
11001009803,1449,2733,1284,1449,2028,1871,347,32.8,14.7,312,30.6,547,5.1,92,3.2,58,45.3,8.5,46.2,36.8,36.2,0.0,0.0,1249,0,0,1,0,0,84,0,0,0,0,0,0,0,0,0,0,0,0,0,0,0,0,0,0,0,0,0,0,0,0,0,0,0,1,0,0
11001009804,1110,2778,1274,1504,1997,1798,234,29.9,16.7,356,32.9,518,5.8,92,2.7,42,34.7,12.2,53.0,36.5,37.1,0.0,32385.0,1029,0,0,0,0,0,36,13,0,1,0,0,0,0,0,0,0,0,0,0,0,0,0,0,0,0,0,12,0,2,0,0,0,0,1,0,0
11001009807,1617,3043,1318,1725,2310,2126,402,39.2,20.7,513,32.9,631,9.7,187,8.1,155,33.6,6.2,60.2,40.8,34.1,0.0,40444.0,1250,0,0,2,0,0,66,8,0,1,0,0,0,0,0,0,0,0,0,0,0,0,0,0,0,0,0,0,0,0,0,0,0,0,2,0,0
11001009810,1224,2676,862,1814,1796,1728,134,26.9,11.8,212,40.5,636,6.7,106,1.1,18,40.4,10.8,48.9,50.1,51.7,0.0,30164.0,1160,1,0,2,0,0,49,1,1,0,0,0,0,0,0,0,0,0,0,0,0,0,0,0,0,0,0,0,0,0,0,0,0,0,0,0,0
11001009811,2145,5018,2357,2661,3502,3242,332,28.7,14.4,540,32.9,931,5.1,143,0.7,19,32.8,17.0,50.2,50.3,46.7,0.0,31422.0,1925,0,0,0,0,0,81,4,1,0,0,0,0,0,0,0,0,0,0,0,0,0,0,0,1,0,0,0,0,3,0,0,0,0,1,0,0
11001009901,1117,2563,1201,1362,2167,2104,596,47.9,40.8,932,37.8,753,19.7,393,19.6,390,9.6,3.4,87.1,36.2,33.5,0.0,0.0,1031,1,4,3,1,1,72,5,2,9,0,0,0,0,2,0,0,0,0,2,0,0,0,0,0,0,0,10,0,0,1,0,0,0,1,0,0
11001009902,1340,2780,1269,1511,2317,2172,611,41.8,21.8,516,26.3,546,13.3,276,7.2,149,11.0,10.6,78.3,30.9,32.5,0.0,45170.0,1166,0,1,0,0,0,34,3,1,5,0,0,0,0,0,0,0,0,0,0,0,0,0,0,0,0,0,10,0,1,0,0,0,0,0,0,0
11001009903,775,1828,555,1273,1376,1330,173,39.8,21.8,324,30.6,375,14.8,181,11.6,142,17.7,12.9,69.4,24.1,36.6,0.0,46406.0,736,0,0,0,0,0,28,3,0,3,0,0,0,0,0,0,0,0,0,0,0,0,0,0,0,0,0,0,0,0,0,0,0,0,0,0,0
11001009904,1290,2462,1063,1399,1671,1549,96,30.2,15.1,269,27.0,369,8.1,110,7.4,101,35.5,12.2,52.3,42.8,37.5,0.0,0.0,948,0,0,0,0,0,106,6,0,2,0,0,0,0,0,0,0,0,0,0,0,0,0,0,0,0,0,18,0,0,0,0,0,0,0,0,0
11001009905,1378,2795,1544,1251,2111,1905,185,35.4,20.0,445,22.9,407,7.1,126,7.6,136,26.9,7.4,65.7,30.5,35.4,0.0,43224.0,1086,0,0,0,0,0,78,3,0,7,0,0,0,0,0,0,0,0,0,0,0,0,0,0,0,0,0,0,0,2,0,0,0,0,1,0,0
11001009906,777,1521,668,853,1165,1118,204,36.1,25.7,333,25.7,274,8.2,88,7.1,76,27.0,8.5,64.5,53.6,37.0,0.0,37198.0,667,0,0,0,0,0,40,3,1,1,0,0,0,0,0,0,0,0,2,0,0,0,0,0,0,0,0,0,0,0,0,0,0,0,1,0,0
11001009907,1239,2890,1380,1510,2080,1903,191,31.0,9.8,210,28.6,489,5.4,92,3.6,62,37.8,14.4,47.9,35.7,40.2,0.0,34738.0,1142,0,0,0,0,0,50,0,0,1,0,0,0,0,0,0,0,0,0,0,0,0,0,0,0,0,0,2,0,0,0,0,0,0,0,0,0
11001010100,2051,2624,1244,1380,2519,2486,346,35.9,23.7,601,9.6,216,30.5,682,49.2,1101,13.1,1.2,85.6,28.4,21.9,0.0,77277.0,1858,23,33,11,1,2,6,2,7,9,1,20,8,21,37,0,1,3,41,4,3,0,0,2,0,0,0,0,25,1,25,0,0,30,5,0,0
11001010200,1568,2537,1069,1468,2332,2332,422,36.8,39.2,916,13.6,298,28.4,620,46.0,1006,6.9,1.7,91.3,46.9,25.3,25.3,0.0,1361,0,16,19,4,3,81,6,3,8,0,10,5,10,11,0,2,1,12,2,0,2,1,0,1,3,0,16,33,3,32,0,0,20,10,4,0
11001010300,1301,3462,1832,1630,2824,2715,475,39.9,38.8,1122,22.5,567,18.9,476,25.7,649,21.6,11.1,67.4,47.7,35.4,0.0,40221.0,1193,1,0,0,0,0,132,7,1,2,0,1,1,1,6,0,0,0,4,4,1,0,0,3,1,0,0,0,4,0,3,0,0,2,2,0,0
11001010400,1798,4474,2227,2247,3293,3166,376,35.4,15.4,544,32.1,901,14.5,406,8.3,234,31.3,9.2,59.4,38.3,37.3,0.0,0.0,1590,0,0,1,0,1,134,3,2,3,0,0,1,0,2,0,0,0,0,0,0,0,0,0,3,0,0,2,1,4,4,0,0,0,2,0,0
11001010500,2322,3418,1649,1769,3279,3173,364,35.9,27.6,913,12.5,365,36.1,1054,34.2,997,12.2,4.5,83.3,47.6,28.0,28.0,65811.0,2249,0,0,3,0,0,156,1,7,4,0,3,0,1,1,0,0,0,0,0,0,1,0,0,0,0,0,2,9,0,13,0,0,6,0,0,0
11001010600,2890,5783,3122,2661,5309,5253,265,30.8,23.8,1274,8.5,388,38.6,1773,41.0,1882,15.3,4.1,80.6,44.5,29.2,0.0,0.0,2628,4,8,20,0,4,121,6,4,11,1,2,5,10,28,0,0,0,18,1,1,1,1,2,5,0,0,7,83,3,13,0,0,15,3,0,0
11001010700,1282,1821,810,1011,1812,1757,136,28.8,15.6,282,5.6,73,31.8,416,53.0,694,20.3,4.9,74.8,35.1,24.2,0.0,0.0,1133,62,0,27,1,7,144,18,16,2,0,23,14,40,63,2,0,13,90,19,22,2,0,7,0,0,0,1,47,2,54,0,1,47,10,0,0
11001010800,1100,6289,2900,3389,6216,2374,120,20.1,2.0,126,13.2,115,31.4,274,50.1,437,38.1,11.1,50.8,26.9,19.2,0.0,0.0,959,7,95,33,4,3,55,24,10,4,0,6,0,20,18,0,0,2,18,4,2,4,0,0,2,0,0,2,26,1,68,18,0,39,2,14,10
11001010900,1448,4275,1784,2491,2933,2341,164,22.7,8.8,280,22.7,428,8.8,166,5.0,94,48.7,15.6,35.7,40.2,33.7,0.0,0.0,1222,0,0,1,0,0,261,0,2,0,0,0,0,0,0,0,0,0,0,0,0,0,0,0,0,0,0,0,1,0,0,0,0,0,1,0,0
11001011000,2582,3552,1696,1856,3341,3290,863,47.0,25.2,846,12.7,392,29.3,906,54.8,1694,3.7,2.7,93.6,42.2,27.7,0.0,64952.0,2337,0,0,0,0,0,116,2,3,2,0,0,0,0,0,0,0,0,0,0,0,0,0,0,0,0,0,12,6,0,0,0,0,0,0,2,0
11001011100,1888,5490,2550,2940,4379,4194,929,41.7,22.2,1003,23.9,948,23.6,933,10.2,405,20.7,7.8,71.5,27.2,29.0,29.0,0.0,1734,1,4,4,0,0,471,11,6,19,0,5,2,2,8,0,0,0,5,0,0,1,0,1,0,0,0,21,1,1,2,0,0,13,12,0,0
