89,98,53,5,9,0,0,6,0,0,0,10,18,0,13,8,16,1,0,2,0,2,0,0,0,0,0,0,0,0,0,0,0,0,0,0,13,0,1,0,0,0,2,1,1,0,0,0,0,0,0,0,0,0,1,1,0,1,4,2,3,5,5,7,0,0,4,1,4,0,0,1,0,6,16,67,18,152,41,68,1,3,2,8,0,0,1,0,4,0,-1,-1,-1,0,0,0,0,0,-1,0,0,0,0,0,0,0,0,-1,0,0,0,0,0,0,0,0,-1,-1,0,0,0,0,0,-1,0,0,0,0,-1,0,-1,0,0,0,0,-1,-1,0,0,-1,0,0,-1,0,-1,0,0,0,0,-1,0,0,0,0,0,0,0,0,-1,0,0,0,0,0,0,0,0,-1,-1,-1,0,-1,-1,-1,-1,-1,0,0,-1
0,8,2,0,0,0,0,1,1,0,0,0,1,0,0,0,0,0,0,0,0,0,0,0,0,0,0,0,0,0,0,0,0,0,0,0,2,0,0,1,0,0,0,0,0,0,0,0,0,0,0,0,0,0,0,0,0,0,0,0,1,0,0,1,0,0,0,1,0,0,0,0,0,0,0,2,0,5,1,1,0,0,0,0,0,0,0,0,0,0,-1,0,0,0,0,0,0,0,0,0,0,0,0,0,0,0,0,0,0,0,0,0,0,0,0,0,0,0,0,0,0,0,0,0,0,0,0,0,0,0,-1,0,0,0,0,0,0,0,0,0,0,0,-1,0,0,-1,0,0,0,0,0,0,0,0,0,0,0,0,0,0,0,0,0,0,0,0,0,0,-1,0,0,0,0,-1,-1,0,-1,0,-1
48,232,94,4,4,0,1,0,0,2,1,4,9,1,2,10,9,1,0,0,0,0,2,0,0,0,0,0,0,0,0,0,0,0,0,0,12,0,0,0,0,5,0,0,0,0,0,0,1,0,0,1,0,0,1,2,0,0,2,1,0,4,2,1,2,0,1,0,5,0,1,0,0,5,13,56,7,101,14,31,0,7,8,0,0,0,0,0,4,0,0,0,0,0,-1,0,0,0,0,0,0,0,0,0,0,0,0,0,0,0,0,0,0,0,0,0,0,0,0,0,0,0,0,0,0,0,-1,-1,0,0,0,-1,0,0,0,0,-1,0,0,-1,0,0,-1,0,-1,-1,0,0,0,0,-1,0,0,0,0,0,0,0,-1,0,0,0,0,0,0,0,0,-1,-1,-1,0,0,-1,-1,-1,-1,0,0,-1
47,319,64,52,23,12,2,8,0,0,9,4,30,2,10,19,35,4,0,7,3,1,0,1,0,0,1,0,0,0,0,0,1,0,0,0,29,0,0,1,0,0,4,0,0,3,1,0,1,0,0,2,0,3,0,2,1,3,9,3,7,10,8,7,2,0,2,1,4,1,8,0,2,11,21,72,18,179,23,95,0,11,2,3,0,0,0,0,3,0,-1,0,0,-1,0,0,0,0,0,0,0,0,0,0,0,0,0,0,0,0,0,-1,0,0,0,0,0,-1,0,-1,0,-1,-1,-1,0,0,-1,-1,0,0,-1,0,0,0,0,-1,-1,0,-1,0,0,-1,-1,0,-1,0,0,0,0,0,0,-1,0,0,0,0,0,0,0,0,0,0,0,0,0,0,0,-1,-1,-1,-1,-1,-1,-1,-1,-1,0,0,-1
4,47,20,1,11,0,0,0,0,0,1,2,11,0,6,0,2,0,0,4,0,0,0,0,0,0,0,0,0,0,0,0,0,0,0,0,8,0,0,1,0,0,1,0,0,0,0,0,0,0,0,0,1,1,0,0,1,0,1,0,6,5,1,0,1,0,1,3,0,0,1,0,3,1,7,13,7,31,4,15,0,1,0,2,0,0,0,0,0,0,-1,0,0,-1,-1,0,0,0,0,0,0,0,0,0,0,0,0,0,0,0,0,0,0,0,0,0,0,0,0,0,0,0,0,0,0,0,0,0,0,0,-1,-1,0,0,0,-1,0,0,0,0,0,-1,-1,0,0,0,0,0,0,-1,-1,0,0,0,0,0,0,0,0,0,0,0,0,0,0,0,0,0,-1,-1,0,0,0,-1,-1,-1,0,0,-1
15,47,26,3,11,27,1,18,0,0,6,2,16,0,18,11,3,2,3,8,0,1,0,2,0,0,0,0,1,0,0,0,0,0,0,0,28,0,0,0,1,0,0,0,7,0,0,0,0,0,3,0,0,2,0,13,2,2,10,0,3,8,2,10,1,0,5,0,0,2,1,5,2,10,25,85,26,186,26,145,0,3,1,8,0,0,1,1,0,-1,-1,0,0,0,0,0,0,0,0,0,0,0,0,0,0,0,0,0,0,0,0,-1,0,0,0,0,-1,0,0,-1,0,-1,-1,0,0,0,0,-1,0,0,0,0,-1,0,-1,-1,-1,0,-1,0,0,0,-1,0,-1,0,0,0,0,0,0,0,0,0,0,0,0,0,0,0,0,0,0,0,0,0,0,0,-1,-1,0,-1,-1,-1,-1,-1,-1,0,-1
16,30,15,1,7,7,27,8,2,0,5,0,16,1,2,14,20,1,0,9,1,2,1,0,1,0,0,0,0,0,1,0,1,0,0,0,23,0,0,0,1,0,0,0,0,0,0,1,0,0,0,1,3,0,1,4,0,0,11,2,6,2,0,12,0,4,10,1,1,1,3,1,8,9,19,59,9,150,26,113,0,3,1,5,0,0,0,0,1,-1,-1,-1,0,0,0,0,0,0,0,0,0,0,0,0,0,0,0,0,0,0,0,0,0,0,-1,0,0,-1,0,0,0,0,0,-1,0,0,0,-1,0,-1,0,-1,0,0,0,0,0,-1,-1,0,0,0,-1,0,0,-1,0,0,-1,0,0,0,0,0,0,0,0,0,0,0,0,0,0,-1,0,0,0,-1,-1,-1,0,0,-1,-1,-1,-1,0,0,-1
11,52,24,3,11,10,8,37,6,0,10,4,25,4,16,31,12,2,2,11,0,6,0,2,3,0,0,0,1,0,0,4,0,0,0,0,16,0,0,4,0,0,3,0,0,1,0,4,0,1,0,0,0,0,0,9,0,0,6,1,1,5,3,7,0,1,4,4,1,0,6,2,5,2,20,56,23,165,23,109,1,2,4,18,0,0,0,0,4,-1,-1,0,0,-1,0,0,0,0,0,0,0,0,0,0,0,0,0,0,0,0,0,0,0,0,0,0,0,-1,-1,0,0,-1,-1,-1,0,-1,0,-1,0,0,-1,0,0,0,0,-1,0,0,0,0,0,0,-1,-1,-1,0,0,0,0,0,-1,0,0,0,0,0,0,0,-1,0,0,0,0,0,0,0,0,-1,-1,-1,0,-1,-1,-1,-1,-1,0,0,-1
56,125,47,2,32,4,3,16,11,0,19,1,54,2,29,29,20,7,0,9,1,2,2,3,2,0,0,0,0,1,2,0,1,0,0,0,20,0,1,0,0,0,0,0,1,1,0,0,0,0,1,1,1,0,0,5,0,5,7,3,17,10,2,11,1,1,9,1,3,0,4,0,1,3,14,60,11,122,26,73,0,7,1,5,0,0,0,4,4,-1,-1,0,0,-1,0,0,-1,0,0,0,-1,-1,0,0,0,0,0,0,0,0,0,-1,0,0,0,0,0,0,0,0,-1,-1,-1,-1,0,0,0,0,0,0,-1,0,-1,0,0,0,-1,0,-1,0,0,-1,-1,0,-1,0,0,0,0,-1,-1,0,0,0,0,0,0,0,0,0,0,0,0,0,0,0,0,-1,-1,-1,0,-1,-1,-1,-1,-1,0,0,-1
69,236,36,16,40,9,0,5,3,18,13,4,36,2,15,13,15,1,0,9,0,4,1,3,0,0,0,0,0,0,0,0,0,0,0,0,19,1,0,1,0,0,3,1,2,0,1,0,0,0,4,0,0,2,0,7,2,3,7,7,1,9,5,9,0,2,4,2,3,0,2,1,3,5,3,68,12,106,12,40,0,0,0,2,0,0,0,0,8,-1,-1,0,-1,-1,0,0,0,0,-1,0,0,0,0,0,0,0,0,0,0,-1,-1,-1,0,0,0,0,0,0,0,0,0,-1,-1,-1,-1,0,-1,-1,0,0,-1,0,-1,0,0,-1,-1,0,0,-1,0,-1,-1,0,-1,0,0,0,-1,0,0,-1,0,0,0,0,0,0,0,0,0,0,0,0,0,0,0,0,-1,-1,-1,-1,-1,-1,-1,-1,-1,0,-1
38,79,45,12,18,4,2,16,1,0,46,12,54,9,21,13,29,4,0,5,0,2,0,0,0,0,0,0,1,0,0,0,0,0,0,0,18,0,0,0,0,1,4,0,0,0,0,0,0,0,0,1,0,0,0,4,0,0,5,1,2,13,3,5,0,0,1,2,2,1,1,3,0,9,7,54,11,128,24,53,1,3,4,1,0,0,0,0,5,0,-1,-1,-1,-1,0,0,0,0,0,0,0,-1,0,0,0,-1,0,0,0,0,0,-1,0,-1,0,0,0,-1,0,0,-1,0,-1,-1,-1,0,0,-1,0,0,-1,0,0,0,-1,-1,-1,0,0,-1,0,-1,0,0,-1,0,0,0,0,0,0,0,0,0,-1,0,0,-1,0,0,0,0,0,0,0,0,0,0,-1,-1,-1,-1,-1,-1,-1,-1,-1,0,-1
34,223,43,5,4,1,1,6,0,1,5,32,19,4,9,13,13,2,0,1,0,1,2,1,0,0,0,0,0,1,1,0,0,0,1,0,17,1,0,0,0,2,0,0,3,4,0,0,0,0,2,0,0,1,0,3,0,1,9,1,0,0,0,2,0,0,0,0,1,2,1,0,0,4,11,41,0,95,10,25,1,2,0,2,0,2,0,2,2,-1,-1,0,0,0,0,0,0,0,0,0,0,-1,0,0,0,0,-1,0,0,0,0,0,-1,0,0,0,0,0,0,0,0,0,-1,-1,0,0,0,-1,-1,0,0,0,-1,0,-1,0,-1,0,-1,0,0,0,-1,0,-1,0,0,0,-1,0,-1,-1,0,0,0,0,0,0,0,0,0,0,0,0,0,0,0,0,-1,-1,0,-1,-1,-1,-1,-1,0,0,0
11,52,19,9,4,2,0,8,0,0,6,2,58,5,4,14,12,0,0,8,1,2,3,0,0,0,0,0,0,0,0,0,0,0,0,0,4,0,1,2,0,0,1,1,0,0,0,0,0,0,0,0,0,0,0,3,0,0,4,4,2,5,2,6,1,0,3,0,0,0,0,0,1,0,4,35,10,100,11,40,0,6,1,2,0,0,0,1,0,0,-1,0,0,-1,0,0,0,0,0,0,0,-1,0,-1,0,0,0,0,0,0,-1,0,0,0,0,0,0,0,0,0,0,0,-1,0,0,0,0,-1,-1,0,-1,0,0,0,0,-1,0,0,0,0,0,-1,-1,0,-1,0,0,0,0,0,0,-1,0,0,0,0,0,0,0,0,0,0,0,0,0,0,0,-1,-1,-1,0,-1,-1,-1,-1,-1,0,0,-1
19,18,23,7,3,2,3,7,0,0,7,6,12,24,9,5,7,0,0,2,0,2,1,5,0,0,0,0,0,1,0,2,0,0,0,0,3,0,0,0,1,0,1,0,0,0,0,0,0,0,0,1,0,0,0,2,3,1,5,0,0,5,0,2,0,1,0,0,0,1,0,2,0,1,5,26,3,44,6,35,0,0,6,1,0,0,0,0,0,-1,0,0,0,0,0,0,0,0,0,0,0,-1,0,0,0,0,0,0,0,0,0,0,0,0,-1,0,0,-1,0,0,0,-1,-1,-1,0,0,0,0,0,0,0,0,0,0,0,-1,-1,0,0,0,0,-1,0,-1,0,-1,0,0,0,0,0,0,0,0,0,0,0,0,-1,0,0,-1,0,0,0,0,0,0,-1,-1,0,-1,-1,-1,-1,-1,0,0,0
25,74,12,5,14,4,1,10,2,0,12,15,73,2,65,39,42,12,0,9,0,10,0,0,2,0,0,0,0,2,2,0,0,0,0,0,40,0,4,0,1,0,1,0,3,0,1,1,0,0,0,0,0,0,1,1,1,2,7,7,4,7,1,8,0,1,1,7,1,2,7,4,1,9,26,58,15,238,40,148,0,1,9,5,0,0,0,5,4,0,-1,0,0,0,-1,0,0,0,0,0,-1,0,0,0,0,0,0,0,0,0,0,0,-1,0,0,0,0,0,0,0,0,0,-1,-1,0,0,0,-1,0,0,-1,-1,0,0,0,0,0,0,-1,0,0,-1,-1,0,0,-1,0,-1,-1,0,0,0,0,0,0,0,0,0,0,0,-1,0,-1,0,0,0,0,0,-1,-1,0,-1,-1,-1,-1,-1,0,0,0
23,36,18,1,16,4,0,3,0,0,6,6,45,8,18,52,10,4,1,3,0,1,1,0,1,0,0,0,0,0,1,1,0,0,0,0,24,0,1,0,0,0,3,0,1,1,0,1,0,0,1,0,2,0,0,6,0,0,3,1,5,4,6,2,3,0,5,0,5,1,5,0,9,6,23,32,8,84,11,69,1,8,3,5,0,0,0,2,0,-1,-1,-1,0,0,0,0,0,0,0,0,0,0,0,0,0,0,0,0,0,0,0,-1,0,-1,0,0,0,-1,0,0,-1,0,-1,-1,0,0,0,0,0,-1,0,0,0,0,0,0,0,0,0,0,0,-1,-1,0,0,-1,0,0,0,0,0,0,0,0,-1,0,0,0,0,0,0,0,0,0,0,0,0,-1,-1,-1,0,-1,-1,-1,-1,-1,-1,0,-1
17,57,12,2,19,4,1,9,2,0,7,6,32,1,17,19,88,7,1,12,1,8,2,4,3,0,0,0,0,0,0,0,0,0,0,0,15,0,0,1,0,0,1,3,3,0,0,0,0,0,2,1,0,0,0,3,0,0,5,2,1,7,0,10,0,0,7,1,2,3,1,1,3,3,10,59,6,134,29,114,0,1,3,9,0,0,1,0,1,-1,-1,0,0,0,0,0,0,0,0,0,0,0,0,-1,0,0,0,0,0,0,0,-1,0,0,0,0,0,-1,0,0,-1,0,-1,-1,0,0,-1,0,0,0,-1,0,0,0,-1,0,-1,0,0,0,-1,0,-1,0,0,0,0,0,0,0,-1,-1,0,0,0,0,0,0,0,0,0,0,0,0,0,0,0,-1,-1,-1,0,-1,-1,-1,-1,-1,0,0,-1
30,75,21,10,11,7,4,6,2,0,6,6,38,3,37,31,42,30,0,22,0,4,2,4,0,0,1,0,0,0,3,0,0,0,0,0,19,0,1,0,1,1,4,0,0,0,0,0,0,0,0,0,0,2,1,1,0,1,14,8,5,5,0,10,1,1,10,1,1,0,4,2,2,3,14,94,10,173,36,149,0,3,2,9,0,0,0,2,8,-1,-1,0,0,0,0,0,0,0,0,0,0,0,0,0,0,0,0,0,0,0,0,-1,-1,0,0,0,0,-1,0,-1,0,-1,-1,-1,0,-1,0,-1,0,0,-1,-1,0,0,0,-1,-1,0,-1,-1,0,-1,-1,0,-1,-1,0,0,-1,-1,0,0,-1,0,0,0,0,0,0,0,-1,0,0,0,0,0,0,-1,-1,-1,0,-1,-1,-1,-1,-1,0,-1,-1
14,44,6,0,5,2,8,11,0,0,1,2,43,5,20,20,25,3,26,10,3,4,1,6,0,0,0,2,0,0,0,0,0,0,0,0,17,0,1,0,0,3,1,0,1,1,0,0,0,0,1,0,2,0,0,7,0,0,7,5,2,9,4,8,0,3,7,0,3,2,1,1,1,18,15,73,12,121,29,119,0,2,2,5,0,0,0,0,0,0,-1,-1,0,-1,0,0,0,0,0,0,0,0,0,0,0,0,0,0,0,0,0,-1,0,0,0,0,-1,0,0,0,0,-1,-1,-1,-1,-1,0,-1,0,0,-1,0,0,0,0,0,-1,0,-1,0,0,0,-1,0,-1,0,0,0,0,0,0,0,0,0,0,0,0,0,0,0,-1,0,0,0,0,0,0,-1,-1,-1,0,-1,-1,-1,-1,-1,-1,0,-1
28,77,21,4,6,5,0,19,1,0,3,4,32,6,17,29,31,8,0,74,1,6,4,1,3,0,1,0,0,2,0,0,0,1,0,3,61,1,0,3,0,0,10,0,5,2,2,1,0,1,0,0,0,3,2,10,2,1,11,6,4,15,6,12,0,2,16,5,6,0,2,3,8,27,11,134,27,312,58,223,0,8,13,18,0,0,0,0,3,-1,-1,0,-1,0,0,-1,0,0,0,0,0,0,0,0,0,0,0,0,0,0,0,-1,-1,-1,0,0,0,-1,0,0,-1,-1,-1,-1,-1,-1,0,-1,0,0,-1,0,0,0,-1,-1,-1,0,-1,0,0,-1,-1,-1,-1,0,0,-1,-1,0,-1,0,0,0,0,0,0,0,0,0,-1,0,0,0,0,0,0,0,-1,-1,0,-1,-1,-1,-1,-1,0,0,0
8,35,8,0,5,0,6,7,1,0,4,4,34,3,19,11,43,7,1,1,13,10,3,1,2,0,0,0,0,0,1,0,0,0,0,0,17,0,0,0,0,0,5,1,4,0,3,0,0,0,0,0,0,0,0,0,0,1,1,0,2,8,2,2,1,0,0,1,4,0,0,0,0,6,8,53,1,86,39,103,0,9,1,2,0,0,0,6,1,-1,-1,0,0,-1,0,0,0,0,0,0,0,0,0,0,0,0,0,0,0,0,-1,-1,0,0,0,0,0,0,0,0,0,0,-1,-1,-1,0,0,0,0,0,-1,0,0,0,0,-1,-1,-1,0,0,-1,0,-1,-1,-1,0,0,0,0,0,0,0,0,0,0,0,0,0,-1,0,0,0,0,0,0,0,0,0,-1,-1,0,0,-1,-1,-1,-1,0,0,-1
16,24,12,0,0,1,0,7,0,0,5,5,16,1,6,11,18,0,1,10,4,26,4,0,1,0,0,0,0,0,0,0,1,0,0,0,14,0,3,0,0,1,1,0,7,1,1,0,1,0,0,0,1,0,0,3,0,5,7,0,1,4,4,3,1,0,3,4,1,2,2,1,1,18,10,33,6,90,22,50,0,1,3,6,0,0,0,0,0,-1,-1,0,0,0,0,0,0,0,0,0,0,0,-1,0,0,0,0,-1,0,0,0,-1,0,0,0,0,0,0,0,0,0,0,0,0,0,0,0,0,0,0,0,0,0,0,0,-1,-1,0,-1,0,0,0,-1,0,0,0,0,0,-1,0,0,0,0,0,0,0,0,-1,0,0,0,0,0,0,0,0,0,0,-1,-1,-1,-1,0,-1,-1,-1,-1,0,-1
11,19,16,1,13,0,0,10,0,0,8,8,26,2,5,19,29,3,3,5,13,7,56,6,9,0,0,0,2,1,0,1,0,0,0,0,21,3,0,0,0,4,0,0,0,2,0,0,0,0,0,3,2,1,0,0,0,0,7,4,3,3,2,7,0,2,4,3,3,0,0,0,1,9,12,59,17,174,32,113,0,2,0,9,0,0,0,6,0,0,0,0,-1,0,0,0,0,0,0,0,0,0,-1,0,0,0,0,0,0,0,0,-1,0,0,0,-1,0,-1,0,0,0,0,-1,-1,-1,0,0,0,0,0,-1,0,-1,0,0,-1,-1,0,-1,-1,-1,-1,-1,0,-1,0,0,0,0,0,0,0,0,0,0,0,0,0,0,0,0,0,0,0,0,0,0,-1,-1,-1,0,-1,-1,-1,-1,-1,0,0,-1
20,43,14,4,10,1,0,0,0,0,4,5,6,0,11,10,7,6,0,6,0,0,2,39,4,0,0,0,0,6,1,1,3,0,0,1,36,7,7,0,3,0,1,0,2,1,1,3,0,0,0,6,6,2,0,2,0,0,0,0,1,2,3,44,0,1,6,3,0,2,5,4,0,2,8,75,2,123,22,78,0,4,0,5,0,0,0,1,1,-1,-1,0,0,-1,0,0,0,0,0,0,0,0,0,-1,0,0,0,-1,0,0,0,-1,-1,0,0,0,0,-1,0,0,-1,0,-1,-1,-1,0,-1,-1,0,0,-1,-1,0,0,-1,-1,-1,0,-1,-1,-1,-1,-1,-1,-1,0,0,0,0,0,0,-1,0,0,0,0,0,0,-1,0,-1,0,-1,0,0,0,0,-1,-1,-1,-1,-1,-1,-1,-1,-1,-1,0,-1
12,13,13,1,0,7,2,7,0,0,9,3,11,6,11,4,24,0,0,3,1,3,0,3,21,0,0,2,4,3,1,6,2,0,0,0,19,3,0,0,0,0,1,0,5,0,1,4,0,0,1,3,0,0,0,12,1,2,12,2,1,7,7,16,0,0,2,0,4,1,5,1,11,5,6,45,6,116,28,74,0,3,5,7,0,0,0,0,5,-1,-1,0,0,-1,0,0,0,0,0,0,0,0,0,0,0,0,0,0,0,0,0,-1,0,0,0,0,-1,0,0,0,-1,-1,0,-1,0,0,-1,-1,0,0,-1,0,0,0,0,-1,-1,0,-1,-1,-1,-1,-1,0,-1,-1,0,0,0,0,-1,-1,-1,0,0,0,0,0,0,0,0,0,0,0,0,0,0,0,-1,-1,-1,-1,-1,-1,-1,-1,-1,0,-1
20,22,11,1,13,20,9,6,0,0,3,0,19,1,16,8,68,10,1,21,3,4,1,6,4,4,4,1,0,0,0,18,6,0,2,0,12,27,6,11,5,1,8,0,7,12,1,40,0,0,0,4,0,7,2,8,5,3,10,2,8,6,2,33,0,2,1,20,1,22,4,2,0,28,7,48,10,109,30,47,0,6,3,1,0,1,0,5,9,-1,-1,0,-1,-1,0,0,0,0,0,0,0,-1,-1,-1,-1,0,0,0,0,0,-1,0,0,0,0,0,0,0,0,0,-1,-1,0,-1,-1,-1,0,-1,0,0,-1,-1,0,0,-1,-1,-1,0,-1,-1,0,0,-1,0,-1,0,0,0,0,0,-1,-1,0,0,0,0,0,0,0,0,-1,0,0,0,0,0,0,0,-1,-1,-1,-1,-1,-1,-1,-1,-1,0,-1
35,12,25,7,15,18,2,6,1,0,3,2,8,0,17,14,52,8,0,25,7,5,3,29,25,1,12,4,4,5,25,19,4,0,2,0,18,25,6,4,4,11,14,0,13,2,3,42,1,2,0,7,3,3,0,4,4,4,6,2,9,6,17,36,0,6,4,17,0,26,5,2,12,30,14,80,15,119,18,76,0,9,0,4,0,0,1,8,5,-1,-1,0,0,-1,0,0,0,-1,0,0,-1,0,0,0,0,0,0,-1,0,0,0,-1,-1,0,0,0,0,0,0,-1,0,-1,-1,-1,-1,0,0,-1,-1,-1,-1,-1,0,0,-1,-1,-1,0,-1,-1,0,-1,-1,-1,-1,-1,0,-1,0,0,-1,-1,0,0,0,0,0,0,0,0,-1,0,0,0,0,0,0,0,-1,-1,-1,-1,-1,-1,-1,-1,-1,0,-1
28,19,18,5,6,4,5,4,6,0,3,1,14,1,8,7,19,4,1,6,0,3,1,18,6,0,3,17,5,1,11,3,8,0,0,0,31,11,8,2,0,1,3,0,13,3,2,3,0,1,2,4,2,1,0,16,3,4,3,1,5,10,2,17,2,2,12,7,3,11,8,0,3,8,5,79,12,154,17,84,1,3,9,3,0,0,0,5,8,-1,-1,0,-1,-1,0,0,0,0,0,0,-1,0,0,-1,-1,0,0,0,0,0,0,-1,0,0,0,0,0,0,0,-1,-1,0,0,0,-1,0,-1,-1,-1,-1,-1,-1,0,0,0,-1,-1,0,0,-1,0,-1,-1,-1,-1,-1,-1,-1,0,-1,0,0,-1,0,0,0,-1,0,0,0,0,0,-1,0,0,0,0,-1,-1,-1,-1,-1,-1,-1,-1,-1,0,-1,-1
7,19,4,1,3,8,1,3,3,0,2,4,3,0,4,5,7,6,1,7,0,0,0,6,5,0,3,2,4,1,1,2,0,2,2,2,19,3,2,1,1,1,0,0,8,3,3,4,0,0,1,3,0,0,0,3,0,0,3,0,0,2,5,14,2,0,3,2,1,1,2,0,0,7,3,52,3,94,14,50,0,1,0,8,0,0,0,0,0,-1,-1,0,-1,-1,0,0,0,0,-1,0,-1,-1,0,0,0,0,0,0,0,0,0,0,-1,0,0,0,0,0,0,-1,0,0,0,0,-1,-1,0,-1,0,-1,0,-1,0,0,0,-1,0,0,-1,-1,0,-1,-1,0,-1,-1,0,0,-1,0,0,0,0,0,0,0,0,0,0,0,0,0,0,0,0,0,0,-1,-1,-1,0,-1,0,-1,-1,-1,-1,0,-1
7,19,14,0,6,6,0,4,1,0,0,0,9,0,12,10,23,7,0,6,2,2,1,13,10,0,0,2,1,5,8,2,0,0,0,0,15,2,3,4,0,3,1,1,4,1,1,7,0,0,1,2,3,8,0,6,2,1,4,1,17,7,5,13,1,0,4,8,0,2,4,9,1,5,4,30,10,112,19,61,1,6,0,4,0,0,1,0,2,-1,-1,0,0,-1,0,0,0,0,0,0,0,-1,-1,0,0,0,0,0,0,0,-1,-1,0,0,0,0,0,0,0,0,-1,-1,-1,-1,-1,-1,0,0,0,-1,-1,0,-1,0,-1,-1,-1,0,0,-1,-1,0,-1,0,-1,0,0,0,0,0,-1,0,0,0,0,0,0,0,-1,0,0,0,0,0,0,0,0,0,-1,-1,0,-1,-1,-1,-1,-1,-1,0,-1
31,9,15,2,7,12,0,10,0,0,7,1,7,0,10,6,32,7,1,3,0,3,5,17,6,2,3,3,0,2,28,15,0,1,0,0,42,5,16,5,0,7,8,0,11,7,1,14,1,2,0,12,2,5,1,6,5,13,12,3,0,6,6,23,0,3,7,16,0,13,5,6,8,9,12,77,9,146,19,83,0,0,6,6,1,0,2,9,5,-1,-1,0,-1,-1,-1,0,0,0,0,0,0,-1,0,0,0,0,0,0,0,0,0,-1,0,0,0,0,0,0,0,-1,-1,-1,-1,-1,-1,-1,-1,-1,-1,0,-1,-1,-1,0,-1,-1,-1,0,-1,-1,0,-1,-1,-1,-1,-1,0,-1,0,0,-1,-1,0,0,0,0,-1,0,-1,0,-1,0,0,0,0,0,0,0,-1,-1,-1,-1,-1,-1,-1,-1,-1,0,-1
33,23,18,3,7,11,1,9,2,0,5,1,14,3,24,25,38,16,3,8,0,12,1,10,9,0,5,3,8,0,24,29,17,1,0,0,48,15,6,1,0,3,8,0,18,11,4,29,0,2,0,11,2,4,0,18,3,3,6,1,8,14,6,38,2,1,13,15,1,5,7,6,4,14,7,104,21,192,33,78,1,12,4,4,0,0,2,3,7,-1,-1,0,-1,-1,0,0,0,0,0,0,-1,-1,0,0,0,0,0,0,0,0,-1,-1,-1,0,0,0,0,0,0,-1,0,0,-1,-1,-1,-1,0,0,-1,0,-1,-1,0,0,-1,-1,-1,-1,-1,-1,-1,-1,-1,0,-1,-1,0,-1,-1,0,-1,-1,0,0,0,0,0,-1,-1,0,0,-1,0,0,0,0,0,-1,-1,-1,-1,-1,-1,-1,-1,-1,-1,-1,-1
24,31,29,7,20,6,3,5,0,1,3,0,15,4,16,22,27,3,0,1,0,3,2,8,4,0,3,4,2,3,1,4,20,2,3,2,46,7,2,13,0,1,1,0,16,1,0,15,0,0,8,7,1,4,1,10,0,0,5,2,1,6,5,36,0,4,11,3,0,8,6,1,6,10,17,103,9,156,17,81,0,8,2,7,0,0,7,7,2,-1,-1,-1,-1,-1,0,0,-1,0,0,0,0,0,0,0,0,0,0,0,0,-1,0,-1,-1,-1,0,0,0,0,0,-1,-1,0,0,0,-1,-1,-1,-1,0,-1,-1,-1,0,-1,0,-1,-1,0,-1,-1,-1,-1,-1,-1,-1,-1,0,-1,0,0,-1,-1,-1,0,0,0,0,0,-1,0,0,0,0,0,0,0,0,-1,-1,-1,-1,-1,-1,-1,-1,-1,-1,0,-1
20,43,14,1,8,5,1,4,2,0,9,3,15,3,12,5,16,8,1,4,0,4,0,6,3,0,0,4,3,7,1,1,5,7,0,1,31,10,3,0,1,1,5,1,11,2,0,9,0,2,0,7,0,0,0,5,0,0,4,0,5,7,7,26,0,3,6,11,1,4,3,0,3,27,18,62,1,151,20,74,0,2,4,7,0,0,0,1,9,-1,-1,0,-1,-1,0,0,0,0,0,0,-1,0,0,0,0,0,0,0,0,0,0,-1,-1,0,0,0,0,0,-1,0,0,-1,-1,-1,0,-1,-1,-1,0,-1,-1,0,0,-1,-1,-1,-1,0,-1,-1,0,0,-1,-1,-1,-1,0,0,0,-1,0,-1,0,0,0,0,0,0,-1,0,-1,-1,0,0,-1,0,-1,0,-1,-1,0,-1,-1,-1,-1,-1,-1,0,-1
16,9,11,8,4,11,2,11,0,0,2,0,6,1,10,5,29,8,0,5,0,2,1,9,6,0,2,1,0,3,0,6,1,0,7,1,24,2,6,2,0,1,0,2,5,8,1,13,0,0,0,7,1,1,0,17,1,0,8,1,4,5,15,33,1,3,7,5,0,1,8,1,7,12,5,82,10,164,19,77,2,14,8,1,0,0,3,2,1,-1,-1,0,-1,-1,-1,0,0,0,0,0,0,0,0,0,-1,0,-1,0,0,0,-1,-1,-1,0,0,0,0,-1,0,-1,0,0,0,-1,-1,-1,0,-1,0,0,-1,-1,0,-1,-1,-1,-1,-1,-1,-1,-1,-1,0,0,-1,-1,0,-1,0,0,-1,-1,0,0,0,0,0,0,-1,0,0,0,0,0,0,0,0,-1,-1,-1,-1,-1,-1,-1,-1,-1,-1,0,-1
11,23,13,4,10,13,3,2,1,0,0,2,19,1,16,5,15,2,2,2,0,2,0,10,4,0,0,0,3,0,2,0,1,0,0,15,28,5,8,5,0,0,0,0,3,5,0,3,1,0,1,5,2,0,0,8,2,0,2,1,6,3,7,18,4,0,6,19,0,4,3,3,2,11,14,46,6,147,20,54,1,6,4,2,0,0,2,3,1,-1,-1,0,0,0,0,0,0,0,0,0,0,0,0,0,0,0,0,0,0,0,-1,-1,0,0,0,-1,0,0,0,0,-1,0,-1,-1,0,-1,0,-1,-1,0,-1,-1,0,0,0,-1,-1,0,-1,-1,-1,-1,-1,-1,-1,-1,0,-1,0,-1,-1,-1,-1,0,0,0,0,0,0,0,-1,0,-1,0,0,0,0,-1,-1,-1,-1,-1,-1,-1,-1,-1,0,-1,-1
10,5,5,0,0,3,1,0,0,0,1,0,3,0,3,3,4,2,0,0,0,0,0,2,1,0,0,0,0,0,1,0,0,0,0,0,46,2,1,0,0,0,0,0,0,0,0,2,0,0,0,10,0,1,0,4,2,0,6,0,1,3,0,6,0,0,1,0,0,0,2,1,1,2,0,24,0,42,16,14,0,0,0,0,0,0,0,1,4,0,-1,0,0,0,0,0,0,0,0,0,0,-1,0,-1,0,0,0,0,0,0,0,-1,0,0,0,0,0,0,0,0,0,0,0,-1,0,0,-1,-1,0,0,-1,0,0,0,0,-1,-1,0,0,-1,0,0,-1,0,-1,0,0,0,0,0,0,-1,0,0,0,0,0,0,0,0,0,0,0,0,0,0,0,-1,-1,-1,0,-1,-1,-1,-1,-1,0,0,-1
16,18,18,2,19,9,1,4,0,1,0,0,11,1,4,21,28,4,1,11,0,2,2,8,3,0,0,1,0,2,4,6,4,0,0,0,40,27,6,20,0,5,5,0,12,5,3,12,0,0,0,10,3,0,2,14,3,2,7,4,3,12,12,51,0,0,11,11,7,6,4,4,9,6,13,78,13,168,37,91,0,15,2,0,0,0,0,1,10,-1,-1,0,0,-1,0,0,0,0,0,0,-1,0,0,0,0,0,0,0,0,0,0,-1,0,-1,0,0,0,0,0,-1,-1,-1,-1,-1,-1,-1,-1,-1,-1,0,-1,0,0,0,-1,0,0,0,-1,-1,-1,-1,-1,0,-1,-1,0,-1,-1,0,0,-1,0,0,-1,0,0,-1,-1,0,0,0,0,0,0,0,0,-1,-1,-1,-1,-1,-1,-1,-1,-1,0,0,-1
17,21,10,1,3,8,0,2,0,0,4,3,16,1,6,4,30,1,0,1,0,0,1,12,0,0,0,2,2,5,5,1,4,0,0,1,8,7,17,5,0,1,0,2,6,10,1,10,0,0,1,5,2,2,4,7,2,1,13,5,3,6,7,18,0,1,1,18,0,4,5,1,13,14,9,38,9,91,17,51,0,11,0,3,0,1,1,0,0,-1,-1,0,0,-1,-1,0,0,0,0,0,0,-1,0,-1,0,0,0,0,0,-1,0,-1,0,-1,0,0,0,-1,0,0,-1,0,-1,0,-1,0,0,-1,0,0,0,-1,0,0,0,-1,-1,0,-1,-1,-1,0,-1,0,-1,0,0,0,0,0,0,-1,0,0,0,0,-1,0,0,0,0,0,0,0,0,0,0,0,-1,-1,0,-1,-1,-1,-1,-1,-1,0,-1
50,27,46,8,20,18,1,5,0,0,1,1,17,3,15,23,45,9,3,5,13,4,2,29,4,0,2,1,2,2,7,2,9,2,0,3,56,11,5,30,0,0,9,3,23,7,6,15,0,1,4,19,8,1,2,35,3,0,11,5,12,18,12,80,8,1,9,27,5,3,6,6,15,20,41,99,31,230,51,133,1,6,6,3,0,0,3,3,18,-1,-1,0,-1,-1,0,-1,0,-1,0,0,-1,-1,0,-1,-1,-1,0,0,0,-1,0,-1,0,0,0,0,0,0,-1,0,-1,-1,-1,-1,0,-1,-1,0,-1,-1,-1,-1,0,-1,0,-1,-1,0,-1,-1,0,-1,-1,0,-1,-1,0,0,0,0,-1,-1,0,0,-1,0,0,0,0,0,0,0,0,-1,0,-1,0,-1,-1,-1,-1,-1,-1,-1,-1,-1,-1,-1,-1
13,14,13,0,5,10,0,7,0,0,0,3,11,0,10,6,2,2,0,5,0,0,0,0,0,0,0,0,0,5,3,0,3,0,0,1,9,0,4,0,24,0,2,0,3,1,0,5,0,0,3,2,1,1,0,3,1,3,5,1,0,0,2,21,1,2,9,1,4,0,8,0,3,14,10,33,15,68,9,41,0,5,0,6,0,0,0,0,6,-1,0,0,0,0,0,0,0,0,0,0,0,-1,0,0,0,0,0,0,0,0,0,0,0,0,0,0,0,0,0,0,0,-1,0,0,0,0,-1,0,0,0,0,0,0,0,-1,0,-1,0,-1,-1,0,0,-1,0,-1,-1,0,0,0,0,0,0,0,0,0,0,0,0,0,0,0,0,0,0,0,0,0,0,-1,-1,-1,-1,-1,-1,-1,-1,0,0,-1
25,37,36,6,13,15,1,12,5,0,2,2,23,3,7,15,13,7,0,8,2,3,0,3,1,0,0,3,0,2,0,4,5,2,0,1,48,5,5,1,0,40,9,0,26,21,6,10,0,3,1,3,7,9,2,28,2,7,8,5,10,13,11,34,0,1,7,13,2,2,12,3,13,13,39,86,23,227,39,158,0,10,7,6,0,0,0,3,11,-1,-1,0,0,-1,0,0,0,0,0,-1,0,-1,0,0,0,0,0,0,0,0,0,0,-1,0,0,0,0,0,0,0,-1,-1,-1,-1,-1,0,-1,-1,0,0,-1,0,0,-1,-1,-1,-1,0,-1,0,-1,-1,-1,-1,-1,-1,0,0,-1,0,0,0,0,0,0,0,0,0,-1,0,0,-1,0,0,0,0,0,-1,-1,-1,-1,-1,-1,-1,-1,-1,-1,0,-1
32,50,47,2,12,38,1,12,1,0,4,7,18,10,14,3,10,4,0,7,0,2,1,6,0,0,2,3,0,3,3,0,0,0,0,0,32,2,1,2,3,5,61,3,12,5,3,12,0,0,0,2,7,0,0,41,2,10,26,9,23,26,11,40,0,3,14,8,5,0,13,2,10,15,46,95,17,246,39,173,0,10,7,10,0,0,0,1,7,-1,-1,0,0,0,0,0,0,0,0,0,0,0,0,-1,0,0,0,-1,0,0,0,0,0,0,0,0,0,-1,0,-1,0,-1,-1,-1,-1,-1,-1,-1,0,0,-1,0,0,-1,0,0,-1,0,-1,-1,0,-1,-1,0,-1,-1,0,-1,0,0,-1,0,0,0,-1,0,0,0,-1,0,0,0,-1,0,0,0,0,-1,-1,-1,0,-1,-1,-1,-1,-1,0,-1,0
41,12,24,3,10,14,1,4,0,0,0,0,15,3,10,9,20,10,0,20,0,3,0,9,1,0,1,2,2,4,0,3,0,0,0,0,32,10,0,2,0,7,2,6,26,5,3,13,1,0,1,4,2,4,3,15,0,1,3,1,9,16,6,21,2,1,3,12,0,5,1,5,5,30,22,79,27,171,25,121,0,14,14,5,0,0,0,1,5,-1,-1,0,-1,-1,0,0,0,0,0,0,0,-1,0,0,0,0,-1,0,0,0,0,0,-1,-1,0,0,0,0,0,-1,-1,-1,-1,-1,0,-1,-1,-1,-1,-1,-1,0,-1,-1,-1,-1,-1,0,-1,-1,0,-1,-1,0,-1,0,0,-1,0,0,0,0,0,0,0,0,0,0,0,0,0,0,0,0,0,0,0,-1,-1,-1,-1,-1,-1,-1,-1,-1,0,-1,-1
18,44,38,1,7,14,0,6,0,0,2,0,15,4,4,11,26,1,0,8,0,1,0,8,3,0,0,1,0,1,1,0,1,1,1,0,48,5,3,2,0,3,8,2,21,12,1,7,1,0,1,1,3,4,3,17,10,4,1,3,12,11,17,22,1,4,7,11,7,4,7,1,10,15,25,63,18,192,52,121,2,7,6,5,0,0,6,0,4,-1,-1,-1,-1,-1,-1,0,0,0,0,0,-1,-1,0,0,0,0,0,-1,0,0,0,-1,0,0,0,0,0,0,0,-1,-1,-1,-1,-1,0,0,0,0,-1,-1,-1,-1,0,-1,0,-1,-1,0,-1,-1,-1,0,-1,-1,-1,-1,0,0,0,-1,0,-1,0,0,0,0,0,0,0,0,0,0,0,0,0,0,0,-1,-1,-1,-1,-1,-1,-1,-1,-1,-1,0,-1
28,23,27,4,5,9,0,8,0,0,2,3,15,7,11,6,15,5,2,9,1,1,1,8,4,0,0,8,0,4,2,1,3,2,0,0,32,3,5,2,1,2,7,3,11,18,4,6,0,0,0,3,2,3,3,16,2,0,15,1,5,18,14,46,1,2,11,12,4,6,12,4,5,18,13,91,18,182,48,138,1,10,8,18,0,0,0,5,10,-1,-1,0,0,-1,0,0,0,0,0,-1,-1,-1,0,-1,0,0,0,-1,0,0,0,-1,-1,-1,0,-1,0,0,0,-1,-1,0,-1,-1,-1,0,0,-1,-1,0,-1,0,0,0,-1,-1,-1,0,-1,-1,-1,-1,-1,0,-1,-1,0,0,0,0,-1,0,0,0,0,0,0,0,0,0,0,0,0,0,0,0,0,-1,-1,-1,-1,-1,-1,-1,-1,-1,-1,0,-1
16,18,16,0,3,8,0,4,0,0,2,1,4,5,6,11,10,6,3,7,0,2,0,10,6,0,1,0,0,3,1,0,1,0,0,0,34,6,2,6,2,0,0,3,24,8,13,9,0,0,0,5,0,2,2,11,0,3,3,0,2,14,4,21,2,0,4,5,4,4,2,9,8,12,12,57,6,177,26,98,0,17,2,8,0,0,0,0,2,-1,-1,0,0,-1,0,0,0,0,0,0,-1,-1,0,-1,0,0,0,0,0,-1,0,-1,0,0,-1,0,0,0,0,0,0,0,-1,-1,0,-1,-1,-1,0,0,0,-1,0,0,0,-1,-1,0,-1,0,-1,0,-1,-1,-1,-1,0,-1,0,0,0,-1,0,0,-1,0,0,0,0,0,0,0,0,0,0,0,0,-1,-1,-1,0,-1,-1,-1,-1,-1,-1,0,-1
23,17,27,5,9,11,1,2,0,0,4,0,19,1,3,4,20,4,0,6,2,1,0,1,2,0,0,3,0,1,8,0,4,0,0,3,24,5,2,2,0,0,1,0,15,14,4,30,0,0,2,4,3,9,0,5,0,0,14,4,6,4,13,27,9,3,1,18,9,2,2,2,5,10,32,79,18,174,21,77,0,8,9,4,0,2,0,3,3,-1,-1,0,0,0,0,0,0,0,0,0,0,0,0,0,0,0,0,0,0,0,0,-1,0,0,0,0,0,0,0,-1,-1,-1,-1,-1,0,0,-1,0,-1,0,-1,-1,0,-1,-1,-1,-1,0,-1,-1,0,0,-1,0,-1,-1,0,0,0,0,0,0,0,0,0,0,0,0,0,0,0,0,0,0,0,0,0,0,-1,-1,0,-1,-1,-1,-1,-1,0,0,-1
28,27,22,2,6,14,0,3,1,0,5,2,13,7,10,17,37,1,0,9,0,0,3,11,8,0,2,8,0,6,8,3,8,0,1,1,54,17,5,9,2,1,2,0,11,5,9,22,22,0,4,13,4,0,0,13,10,1,13,3,10,25,6,42,1,7,5,9,9,9,5,5,15,19,19,80,8,192,38,123,0,3,6,4,0,1,4,9,2,-1,-1,0,-1,-1,0,0,0,0,0,0,-1,-1,-1,-1,0,-1,0,0,0,0,0,-1,-1,-1,0,0,-1,-1,0,-1,-1,-1,-1,-1,-1,-1,-1,-1,0,-1,-1,-1,0,-1,-1,-1,-1,-1,-1,0,0,-1,-1,0,-1,-1,0,-1,-1,0,-1,-1,0,0,-1,0,0,0,0,0,-1,0,0,0,0,0,0,-1,-1,-1,-1,-1,-1,-1,-1,-1,-1,0,-1
24,31,36,2,5,0,0,2,0,0,5,0,1,3,7,10,13,2,0,6,0,0,1,0,1,0,0,0,1,1,5,1,1,2,0,0,36,0,2,0,0,2,1,0,3,0,2,5,2,7,17,8,1,0,0,5,0,0,12,5,7,6,1,45,2,0,4,9,4,1,8,3,11,7,10,54,12,192,35,83,0,10,1,5,0,0,0,1,8,-1,-1,-1,0,-1,0,0,0,0,0,0,0,-1,0,0,0,0,0,0,0,0,0,0,0,0,0,0,0,-1,0,0,0,0,-1,-1,-1,0,0,-1,-1,0,-1,0,0,-1,0,-1,-1,0,-1,-1,0,-1,-1,0,-1,-1,0,-1,0,0,-1,-1,0,0,-1,0,0,0,0,0,0,0,0,0,0,0,0,-1,-1,-1,-1,-1,-1,-1,-1,-1,-1,-1,-1
13,10,19,0,1,1,2,2,0,0,0,0,11,0,2,6,4,2,0,1,0,0,0,0,0,0,0,1,0,1,2,3,0,0,0,0,13,0,4,0,0,0,3,0,5,7,0,0,0,0,20,7,1,0,0,3,0,2,16,0,6,5,8,44,2,0,14,5,3,1,1,4,7,10,9,49,11,102,17,59,0,4,2,4,0,0,0,4,6,0,-1,0,-1,-1,0,0,0,0,0,0,0,0,0,0,0,-1,0,-1,0,0,0,0,0,0,0,0,-1,-1,0,-1,0,0,-1,-1,-1,0,-1,-1,-1,-1,-1,-1,0,0,-1,-1,-1,0,-1,0,0,-1,-1,0,-1,0,0,-1,0,0,0,0,0,0,0,0,0,0,-1,0,0,0,0,0,0,0,0,-1,-1,-1,0,-1,-1,-1,-1,-1,0,0,-1
21,10,9,0,6,6,0,7,0,0,0,0,9,0,2,2,18,1,0,3,2,0,2,3,2,0,1,0,0,0,2,0,1,0,0,0,21,0,4,7,0,1,5,0,8,1,0,0,0,1,5,17,4,1,1,2,0,0,15,0,2,8,3,74,4,6,7,9,2,6,8,2,4,4,19,58,14,157,26,56,0,0,3,2,0,0,0,3,7,-1,-1,0,0,0,0,0,0,0,0,0,0,0,0,-1,0,-1,0,-1,0,0,0,-1,-1,0,0,0,0,0,0,-1,-1,0,-1,-1,0,0,0,0,0,0,-1,0,0,-1,-1,-1,-1,0,-1,-1,-1,-1,-1,-1,-1,0,0,0,0,0,0,0,0,0,0,0,0,0,-1,0,0,0,0,0,0,0,0,-1,-1,-1,0,-1,-1,-1,-1,-1,0,-1,0
36,9,10,1,9,6,0,0,0,0,5,0,6,2,2,5,9,2,0,4,0,0,0,7,3,0,0,2,0,0,1,2,9,0,0,0,12,4,0,2,3,4,0,2,9,6,6,6,0,0,0,15,6,5,0,6,0,3,8,0,4,8,1,54,3,3,2,4,3,3,8,3,9,9,13,44,9,116,12,62,0,0,4,5,0,0,1,2,9,-1,-1,0,0,-1,0,0,0,0,0,0,0,-1,0,-1,0,-1,0,0,0,0,0,-1,0,0,0,0,0,0,0,0,0,0,-1,0,0,-1,-1,-1,0,-1,-1,0,0,0,0,-1,-1,0,-1,-1,-1,0,-1,0,-1,-1,0,0,0,-1,-1,0,0,0,0,0,0,0,0,0,0,-1,0,0,0,0,0,0,-1,-1,0,-1,-1,-1,-1,-1,-1,0,-1
49,32,23,0,7,9,5,2,1,0,11,1,13,4,4,13,28,9,0,23,1,0,1,8,6,0,1,0,1,6,4,2,4,0,0,0,56,7,0,1,1,3,2,0,24,16,8,15,0,0,0,6,1,12,3,22,1,1,25,1,12,7,9,40,2,1,13,10,11,9,14,7,8,19,33,101,23,242,33,135,3,11,9,5,0,0,1,4,8,-1,-1,0,-1,-1,0,0,0,0,0,0,-1,-1,0,-1,0,0,-1,0,0,0,0,-1,-1,0,-1,0,0,-1,0,0,0,-1,-1,-1,-1,0,0,-1,-1,-1,-1,-1,0,-1,-1,-1,-1,0,-1,-1,-1,0,-1,0,-1,-1,0,-1,0,0,-1,-1,0,0,0,0,-1,0,-1,0,-1,-1,-1,0,0,0,0,-1,-1,-1,-1,-1,-1,-1,-1,-1,-1,-1,-1
43,59,30,5,11,15,0,6,3,0,12,8,13,1,8,9,31,1,0,13,1,2,1,8,6,0,0,3,3,1,2,5,1,0,1,2,28,9,1,3,2,3,4,0,16,4,5,12,2,0,0,8,0,8,11,24,5,0,20,5,10,11,14,36,2,1,7,26,6,9,8,0,8,14,36,110,23,261,30,134,1,9,2,9,0,0,1,5,2,-1,-1,-1,-1,0,0,0,0,0,0,0,-1,0,0,0,0,0,0,0,0,0,-1,-1,-1,0,-1,0,0,0,0,0,-1,-1,0,-1,-1,-1,-1,-1,-1,0,-1,-1,0,0,0,-1,-1,0,-1,-1,0,-1,-1,0,-1,-1,0,0,-1,0,0,-1,0,0,0,0,-1,0,0,0,0,-1,0,0,0,0,0,0,-1,-1,-1,-1,-1,-1,-1,-1,0,0,-1
44,49,13,1,10,7,2,7,1,2,5,4,19,4,12,16,22,3,0,14,0,3,0,13,9,0,0,0,0,0,0,1,0,0,0,0,37,1,5,6,0,4,1,0,12,3,2,0,0,0,0,7,4,4,2,66,6,5,36,3,16,17,13,24,0,0,9,12,8,11,1,4,1,5,33,105,12,198,49,137,0,10,7,6,0,2,2,1,11,-1,-1,0,0,-1,0,0,0,0,0,0,0,0,0,-1,0,0,0,0,0,0,0,-1,0,0,0,0,0,0,0,0,0,-1,-1,-1,0,0,-1,-1,-1,-1,-1,0,0,0,0,-1,-1,0,-1,-1,0,0,-1,0,-1,0,0,0,-1,0,-1,0,-1,0,-1,0,0,0,-1,0,0,0,-1,0,-1,0,0,-1,-1,-1,-1,-1,-1,-1,-1,-1,-1,0,-1
45,58,29,2,9,19,4,3,0,0,2,0,20,1,19,14,27,7,1,9,0,5,1,5,1,0,0,0,4,1,1,2,0,0,0,0,69,3,1,1,0,1,12,2,24,2,1,3,2,1,0,3,0,2,1,26,33,11,22,5,11,26,15,17,0,1,3,3,1,2,6,3,5,23,47,113,20,232,24,144,0,7,2,10,0,0,0,0,10,-1,-1,0,0,-1,0,0,0,0,0,0,0,0,-1,0,0,0,0,0,0,0,0,0,0,0,0,0,0,-1,0,0,0,-1,0,-1,-1,0,-1,0,0,-1,0,-1,0,0,0,-1,-1,0,-1,0,0,-1,-1,0,-1,0,0,-1,0,0,0,0,0,0,-1,0,0,0,-1,0,0,0,0,0,0,0,0,-1,-1,-1,-1,-1,-1,-1,-1,-1,-1,0,-1
23,45,27,0,13,7,2,3,0,0,0,3,9,4,7,8,18,6,0,12,1,3,1,4,2,0,0,0,1,0,0,0,0,0,0,0,18,0,6,1,0,0,8,0,1,0,1,1,0,1,0,0,0,5,1,15,0,20,17,4,3,10,10,9,1,1,7,0,1,0,2,0,5,8,28,91,21,174,34,109,1,9,9,7,0,0,0,0,0,-1,-1,0,0,-1,0,0,-1,-1,0,0,0,-1,0,0,0,0,0,0,0,0,0,-1,0,0,0,0,0,-1,0,0,-1,0,0,-1,0,0,0,-1,-1,0,-1,0,0,0,0,0,-1,0,-1,-1,0,-1,-1,-1,0,0,0,0,0,0,0,0,-1,0,0,0,0,0,-1,0,-1,0,0,0,0,0,0,-1,-1,-1,0,-1,-1,-1,-1,-1,-1,0,-1
31,49,29,1,8,14,2,3,0,0,0,2,8,0,4,6,12,0,0,12,1,4,0,0,1,0,1,0,0,1,3,0,0,0,0,0,30,0,0,1,2,0,5,0,0,1,0,3,0,0,1,0,0,0,0,16,5,6,34,9,11,5,4,9,0,0,7,2,3,1,0,2,9,4,17,53,16,141,18,76,0,3,2,1,0,0,1,0,3,-1,-1,0,0,0,0,0,0,0,0,0,0,-1,0,0,0,0,0,0,0,0,0,-1,0,0,0,0,0,-1,0,-1,0,-1,0,-1,-1,0,0,-1,0,0,-1,0,0,0,-1,-1,-1,0,-1,-1,0,-1,-1,0,-1,0,0,0,0,0,0,-1,-1,0,0,0,0,0,0,0,0,0,0,0,0,0,0,-1,-1,-1,-1,-1,-1,-1,-1,-1,0,0,-1
21,27,22,0,10,1,4,2,0,0,1,3,13,4,0,5,13,1,0,1,0,1,0,0,2,0,0,0,0,0,0,0,0,0,0,0,6,0,0,1,0,0,4,3,0,0,0,2,0,0,0,0,1,0,0,5,0,5,14,26,3,7,2,4,1,1,0,0,6,0,4,5,3,6,15,60,13,117,24,81,0,3,0,5,0,0,0,0,5,0,-1,0,-1,-1,0,0,0,0,0,0,-1,0,0,0,0,0,0,0,0,0,0,0,0,0,0,0,0,-1,0,0,0,0,0,-1,0,-1,0,0,0,0,-1,0,0,-1,-1,-1,-1,0,0,0,0,0,-1,0,0,0,0,0,0,0,0,0,-1,0,0,0,0,0,0,0,0,-1,0,0,0,0,0,0,-1,-1,-1,-1,-1,-1,-1,-1,0,0,0
35,43,37,2,5,2,0,4,0,0,0,0,6,1,5,7,9,4,1,2,0,0,1,1,0,0,0,0,0,0,3,0,0,0,0,0,27,0,0,1,0,0,8,2,4,3,0,0,0,0,0,4,0,0,3,10,2,1,22,6,31,8,3,35,2,4,1,6,6,0,5,4,7,12,48,85,23,171,34,116,0,0,5,17,0,0,0,1,5,-1,-1,-1,-1,-1,0,0,0,0,0,0,0,-1,0,0,0,0,0,0,0,0,-1,0,0,0,0,0,0,-1,0,0,0,-1,-1,-1,0,0,-1,-1,0,-1,-1,0,0,-1,0,-1,-1,0,0,-1,-1,0,-1,0,0,0,0,0,0,0,-1,0,0,0,0,0,0,0,0,0,0,0,0,0,0,0,0,-1,-1,-1,0,-1,-1,-1,-1,-1,0,0,-1
25,46,23,0,9,5,1,0,1,0,3,1,23,3,3,19,9,0,0,1,0,0,0,0,0,0,0,0,0,0,1,0,0,0,0,0,28,0,0,0,0,1,3,2,0,4,0,2,1,0,1,0,0,0,0,7,3,2,9,0,5,37,4,7,0,0,7,7,2,0,1,0,6,11,30,90,6,131,50,113,0,7,6,3,0,0,0,0,2,0,-1,0,-1,-1,0,0,0,0,0,0,0,0,-1,0,0,0,0,0,0,0,0,0,0,0,0,0,0,-1,0,0,0,0,-1,-1,-1,0,0,-1,0,0,0,0,0,0,0,-1,-1,0,-1,0,0,0,-1,0,-1,0,0,-1,0,0,0,0,0,0,0,0,0,0,-1,0,0,0,0,0,0,0,0,0,-1,-1,0,-1,-1,-1,-1,-1,-1,0,-1
33,26,20,3,3,4,1,1,0,0,1,2,12,5,8,12,22,4,0,5,0,0,2,4,1,0,0,0,4,1,0,0,2,0,0,2,50,1,0,1,0,1,5,0,2,0,0,1,0,0,2,8,3,2,0,14,0,0,7,4,15,9,46,28,4,0,5,6,1,6,3,13,11,19,28,79,14,230,37,124,0,4,4,5,0,0,1,0,4,-1,-1,0,0,-1,0,0,0,0,0,0,0,0,-1,0,0,0,0,0,0,0,0,-1,0,0,-1,0,0,0,0,-1,0,-1,-1,-1,-1,-1,0,0,0,0,-1,0,0,0,0,-1,0,0,-1,0,-1,0,-1,0,0,0,0,-1,0,0,-1,0,0,0,0,0,0,0,0,0,-1,0,0,0,0,0,0,-1,-1,-1,-1,-1,-1,-1,-1,-1,0,-1,-1
38,58,42,1,3,1,0,6,1,0,9,1,22,1,8,23,23,5,0,7,2,0,0,0,3,0,0,2,0,0,2,2,0,0,0,0,54,5,3,1,0,1,15,3,4,4,0,6,2,5,0,1,0,2,3,10,5,1,12,7,7,10,20,81,0,0,11,5,1,3,8,12,11,23,21,114,21,399,40,178,0,7,13,9,0,1,0,1,10,-1,-1,0,0,0,0,0,0,0,0,-1,0,0,0,0,0,0,0,-1,0,0,0,-1,0,0,-1,0,-1,-1,0,0,0,-1,-1,-1,0,-1,-1,-1,-1,-1,0,-1,0,-1,0,-1,-1,0,-1,-1,0,-1,-1,0,0,0,0,0,-1,0,-1,0,0,0,0,0,0,0,0,0,0,0,0,0,0,0,0,-1,-1,-1,0,-1,-1,-1,-1,-1,-1,-1,-1
22,31,18,0,1,4,2,3,0,0,0,3,7,0,8,10,18,2,0,6,2,0,0,5,2,0,0,4,0,0,0,1,1,1,0,1,17,4,4,0,0,0,0,0,7,0,0,5,1,0,6,8,1,1,3,8,2,0,6,2,1,7,3,16,16,2,16,13,3,3,6,4,11,10,18,91,9,155,22,82,0,7,4,0,0,0,2,1,9,-1,-1,0,0,-1,0,0,0,0,0,0,-1,-1,0,-1,0,0,0,0,-1,-1,0,-1,0,0,0,-1,0,0,0,-1,-1,0,-1,-1,-1,0,-1,-1,0,0,-1,-1,0,-1,0,-1,-1,0,-1,-1,0,-1,-1,0,-1,-1,0,-1,0,-1,-1,0,0,0,0,0,0,0,-1,0,0,-1,0,0,0,0,0,-1,-1,-1,-1,-1,-1,-1,-1,-1,-1,0,-1
27,30,14,3,4,10,0,4,0,1,2,0,8,1,7,12,20,8,0,10,0,0,3,11,1,0,1,1,1,1,1,1,4,0,1,0,37,1,2,0,0,2,0,0,2,1,0,5,0,0,6,5,2,0,0,4,0,0,8,0,2,12,8,9,1,18,15,10,2,6,5,4,7,6,15,60,5,272,33,106,0,4,10,6,0,1,1,3,0,-1,-1,0,-1,-1,0,0,0,0,0,0,-1,-1,0,-1,0,0,0,0,0,-1,0,-1,-1,0,0,0,0,0,0,0,-1,-1,-1,-1,-1,-1,-1,-1,-1,0,-1,-1,-1,0,-1,-1,-1,0,-1,0,0,-1,-1,0,-1,-1,0,0,0,0,0,-1,-1,0,0,0,0,0,0,0,-1,0,-1,0,0,0,0,-1,-1,-1,0,-1,-1,-1,-1,-1,0,0,-1
16,62,12,3,2,0,1,1,1,0,4,0,2,1,1,2,6,3,0,0,0,0,0,1,1,0,0,0,0,0,0,1,3,0,0,0,28,1,0,0,0,4,0,0,2,2,0,0,3,0,2,7,0,1,0,2,1,0,3,2,6,13,8,5,1,1,33,0,0,2,7,12,0,3,8,42,3,224,42,76,0,8,1,5,0,0,1,8,0,-1,-1,-1,0,0,0,0,0,0,0,0,0,0,0,-1,0,0,0,0,0,0,0,0,0,0,0,0,-1,0,0,0,0,-1,0,-1,0,0,0,-1,0,0,-1,0,0,0,0,-1,-1,0,-1,-1,0,0,-1,0,-1,0,0,-1,-1,0,0,0,0,0,0,0,0,0,-1,0,0,0,0,0,0,0,0,-1,-1,-1,0,-1,-1,-1,-1,-1,-1,-1,-1
28,22,19,4,9,3,1,1,0,0,2,2,3,2,4,2,3,2,0,3,2,0,0,9,3,0,0,1,1,0,0,0,0,0,0,0,24,2,1,0,0,1,1,4,8,0,1,0,0,1,1,4,1,1,0,1,3,0,13,8,12,10,7,29,0,0,6,11,9,8,6,4,4,9,5,47,15,177,37,89,1,9,5,5,0,0,1,0,3,-1,-1,0,0,-1,0,0,0,0,0,0,-1,0,0,0,0,0,0,0,0,0,0,0,0,0,0,0,0,-1,0,0,0,-1,-1,-1,0,0,-1,0,-1,0,-1,0,0,0,-1,-1,0,0,-1,0,-1,0,-1,-1,0,0,0,0,0,0,0,0,0,0,0,0,0,0,0,0,-1,0,0,0,0,0,0,-1,-1,-1,0,-1,-1,-1,-1,-1,0,0,-1
31,24,24,1,6,4,5,3,1,0,3,0,14,1,7,4,16,6,0,1,0,0,1,29,3,0,0,1,0,0,1,1,3,0,0,2,24,2,1,2,1,0,2,0,2,2,1,7,0,1,0,6,0,0,0,2,0,2,4,6,13,3,5,8,6,4,15,23,19,9,15,1,10,4,11,55,9,241,26,82,2,10,7,9,0,0,1,6,3,-1,-1,0,0,-1,0,0,0,0,0,0,0,0,-1,-1,0,0,-1,-1,0,0,0,-1,-1,0,0,0,-1,0,0,0,0,-1,-1,-1,-1,-1,0,-1,-1,0,-1,-1,0,0,-1,-1,-1,0,-1,0,0,-1,-1,-1,-1,0,0,0,0,0,-1,-1,0,0,0,0,0,0,0,0,-1,0,0,0,0,0,0,-1,-1,-1,-1,-1,-1,-1,-1,-1,0,0,-1
23,30,13,4,3,5,0,3,0,0,2,1,1,4,4,10,14,6,2,3,0,0,2,4,1,0,2,1,3,2,2,0,0,0,0,0,18,0,0,1,2,0,10,0,11,1,4,0,1,1,4,4,1,2,2,11,1,0,6,5,6,2,4,16,1,0,2,2,9,14,12,3,13,9,11,66,12,211,21,77,0,4,1,8,0,0,0,0,6,0,-1,0,0,-1,0,-1,0,0,0,-1,-1,0,0,0,0,0,0,0,0,0,0,-1,-1,0,0,0,0,-1,0,-1,-1,-1,-1,-1,0,0,-1,0,-1,-1,0,0,-1,0,-1,-1,-1,0,-1,0,0,0,-1,0,-1,-1,0,0,-1,0,0,0,0,0,-1,0,-1,0,0,0,0,0,0,-1,0,0,0,-1,-1,-1,0,-1,-1,-1,-1,-1,-1,0,-1
17,12,11,0,6,3,3,1,0,0,1,0,10,1,13,5,4,4,0,6,0,1,2,1,3,0,0,1,0,0,1,9,0,0,0,0,24,4,5,2,0,0,0,2,1,0,0,4,2,0,0,3,0,3,0,1,0,0,10,1,10,1,12,5,2,1,9,3,0,3,20,7,0,10,15,47,21,203,46,117,0,5,7,6,0,0,1,3,6,-1,-1,0,0,-1,0,0,-1,0,0,0,0,0,0,0,0,0,-1,0,0,0,-1,-1,-1,0,0,0,0,0,0,-1,0,0,0,-1,-1,-1,-1,-1,0,0,-1,-1,0,-1,0,0,-1,0,-1,-1,-1,0,-1,0,-1,0,0,0,0,0,0,-1,0,0,0,0,0,0,0,0,0,0,0,0,0,0,0,-1,-1,-1,0,-1,-1,-1,-1,-1,-1,0,-1
13,16,11,0,2,1,0,0,0,0,0,0,9,1,1,5,7,1,0,5,3,0,0,0,1,0,0,0,0,0,0,0,0,0,0,0,8,0,0,2,1,0,0,0,0,0,1,0,0,0,0,4,0,2,0,3,0,1,11,2,3,14,1,16,1,0,8,1,1,4,3,25,6,14,8,23,12,133,16,66,4,2,5,0,0,0,1,0,2,-1,-1,0,-1,-1,0,0,0,0,0,0,0,0,0,0,0,0,0,0,0,0,0,-1,-1,0,0,0,0,-1,0,0,-1,0,-1,-1,-1,0,0,0,0,0,-1,-1,0,0,0,-1,-1,0,-1,-1,-1,-1,-1,0,-1,0,0,0,0,0,0,0,0,0,0,0,0,0,0,0,0,0,0,0,0,0,0,-1,-1,-1,0,-1,-1,-1,-1,-1,0,0,-1
23,40,22,3,9,8,1,3,0,0,4,7,19,1,11,15,20,6,0,11,0,0,2,3,3,0,0,0,0,3,1,1,1,0,0,0,38,2,5,7,1,4,2,1,5,6,0,2,0,1,0,0,0,1,0,9,0,2,8,5,19,13,14,21,0,2,20,11,6,3,6,2,62,23,29,90,31,351,81,185,0,7,4,10,0,0,4,1,6,-1,-1,0,-1,0,0,0,0,0,0,0,0,0,0,-1,0,0,0,0,0,0,0,0,0,0,0,0,0,0,0,0,0,-1,-1,-1,-1,-1,-1,-1,0,0,-1,0,0,0,-1,-1,-1,0,-1,-1,-1,-1,0,-1,-1,0,0,0,0,0,0,-1,0,0,0,0,0,0,-1,0,0,0,0,-1,0,0,0,-1,-1,-1,0,-1,-1,-1,-1,-1,0,-1,-1
34,87,34,3,7,5,1,11,1,0,0,1,12,2,6,27,10,2,0,6,0,2,4,5,7,0,0,0,0,0,0,2,0,0,0,1,24,0,3,4,0,1,11,0,2,3,1,0,0,0,1,0,1,0,0,10,0,1,15,5,16,13,16,22,0,0,17,12,7,1,8,4,24,62,41,125,18,432,86,222,0,13,12,18,0,0,0,1,1,-1,-1,-1,0,-1,0,0,0,0,0,0,0,0,0,0,0,-1,0,0,0,0,0,0,0,0,0,0,0,-1,0,0,-1,-1,-1,-1,0,-1,-1,-1,-1,0,-1,0,0,0,0,-1,-1,0,-1,-1,0,0,-1,0,-1,0,0,-1,0,0,0,0,0,0,0,0,0,0,0,0,0,0,0,-1,0,0,0,-1,-1,-1,0,-1,-1,-1,-1,-1,0,0,-1
50,85,42,0,14,1,2,3,0,0,5,1,12,4,4,13,13,3,2,9,0,1,2,0,5,0,0,0,0,0,4,0,0,0,0,0,25,0,2,0,0,3,7,4,1,2,0,0,0,0,0,0,0,0,0,6,0,1,12,5,9,30,6,23,2,0,9,7,7,2,5,7,11,14,117,103,18,262,60,157,0,11,13,16,0,0,0,0,8,0,-1,0,0,0,0,0,0,0,0,0,0,-1,0,0,0,0,0,0,0,0,0,0,0,0,0,0,0,-1,-1,0,0,0,-1,-1,0,0,0,0,0,-1,-1,0,-1,-1,0,0,-1,0,-1,0,0,0,-1,0,0,0,0,0,0,0,0,-1,-1,0,0,0,0,0,0,0,0,0,0,0,0,0,0,-1,-1,-1,0,-1,-1,-1,-1,-1,0,0,-1
39,115,28,2,6,9,0,4,2,0,4,3,11,5,6,20,15,4,0,6,2,1,4,2,1,0,0,0,0,0,0,0,0,0,0,0,29,1,1,0,0,0,4,0,2,2,0,1,0,0,1,0,1,0,1,8,0,0,15,4,5,14,1,11,0,0,3,2,5,0,4,0,2,13,27,195,30,283,43,135,1,15,7,12,0,0,0,2,5,-1,-1,0,0,0,0,0,0,0,0,0,0,0,0,0,0,0,0,0,0,0,0,-1,0,-1,0,0,0,-1,0,0,0,-1,-1,-1,-1,-1,0,-1,0,-1,0,-1,0,0,0,0,-1,0,0,0,-1,0,-1,0,-1,0,0,0,0,0,-1,0,0,0,0,0,0,0,0,0,0,0,0,0,0,0,0,-1,-1,-1,0,-1,-1,-1,-1,-1,0,0,-1
21,42,15,0,5,0,0,2,0,0,1,1,7,2,2,4,9,1,2,3,1,0,1,2,0,0,0,0,0,0,0,1,0,1,0,0,23,0,0,0,0,0,0,1,1,0,0,0,0,0,0,0,0,1,0,0,0,1,3,2,1,5,1,7,1,1,4,1,1,1,0,1,4,1,11,75,49,96,24,72,0,2,0,7,0,0,2,1,3,-1,-1,0,0,0,0,0,0,0,0,0,0,-1,-1,0,0,0,0,0,0,0,0,-1,0,0,0,0,0,0,-1,0,0,0,-1,-1,-1,0,0,-1,0,-1,-1,0,0,0,0,0,0,0,0,0,-1,0,-1,0,0,-1,0,0,0,0,0,0,0,0,0,0,0,0,0,0,0,0,0,0,0,0,0,-1,-1,-1,-1,-1,-1,-1,-1,-1,0,0,-1
15,22,14,2,1,0,1,1,0,0,3,0,2,1,9,8,0,0,0,0,0,0,0,4,0,0,0,0,0,2,0,1,0,0,0,0,18,0,3,3,0,0,0,0,3,1,0,2,0,0,0,0,0,0,0,0,0,0,3,3,2,4,0,6,0,0,3,3,4,0,3,6,3,2,7,52,14,369,45,107,0,0,1,15,0,0,0,0,0,-1,-1,0,0,0,0,0,0,0,0,0,0,0,0,-1,0,0,0,0,0,0,0,0,0,0,0,0,0,0,0,0,0,0,-1,-1,-1,0,0,-1,0,-1,0,0,0,0,0,-1,0,0,0,0,0,-1,-1,0,-1,0,0,0,0,0,-1,0,0,0,0,0,0,0,0,0,-1,0,0,0,0,0,0,-1,-1,-1,-1,-1,-1,-1,-1,-1,0,-1,-1
14,43,4,1,4,1,0,3,0,0,1,1,2,0,6,3,2,1,0,0,0,1,0,8,1,0,0,0,0,0,0,0,0,0,0,0,19,0,0,0,0,2,3,1,5,0,0,3,1,1,0,0,0,0,2,1,0,0,1,1,8,5,3,7,0,0,3,0,3,0,5,5,1,6,8,44,2,172,65,66,2,4,0,1,2,0,2,0,5,-1,-1,0,-1,-1,0,0,0,0,0,0,0,0,0,0,0,0,0,0,0,0,0,-1,-1,0,0,0,0,0,0,0,0,-1,0,-1,0,0,-1,-1,0,-1,-1,-1,0,0,0,0,0,0,0,0,-1,-1,-1,-1,0,-1,0,0,0,0,0,0,0,0,0,0,0,0,0,0,-1,0,0,0,-1,0,0,-1,-1,-1,0,-1,-1,-1,-1,-1,0,0,-1
0,1,2,0,0,0,0,1,0,0,0,0,0,0,0,1,0,0,0,0,0,0,0,0,0,0,0,0,0,0,0,0,0,0,0,0,0,0,0,1,0,0,0,0,1,0,0,0,0,0,1,0,0,1,0,0,0,0,0,0,0,0,0,0,0,0,1,0,0,0,1,0,0,0,1,2,0,6,1,8,0,0,0,0,0,0,0,1,0,-1,0,0,0,0,0,0,0,0,0,0,0,0,0,0,0,-1,0,0,0,0,0,0,0,0,0,0,0,0,0,0,0,0,0,0,0,-1,-1,0,0,0,0,0,0,0,0,0,0,0,0,0,0,-1,-1,0,0,0,0,0,0,0,0,0,0,0,0,0,0,0,0,0,0,0,0,0,0,0,0,0,0,-1,0,0,0,-1,0,0,0,0,0
8,14,6,0,2,1,0,2,3,0,3,1,9,5,3,4,16,2,0,4,0,1,0,4,4,0,1,0,0,1,0,3,8,0,0,0,19,0,3,0,0,2,0,0,2,0,1,1,0,1,1,0,2,1,1,4,1,0,0,4,0,3,1,7,4,3,2,0,1,7,9,3,1,4,3,30,5,110,18,21,5,8,3,6,0,0,0,1,8,-1,-1,0,-1,0,-1,0,0,0,0,0,-1,-1,0,-1,0,-1,0,-1,-1,0,0,-1,-1,0,0,0,0,0,0,-1,0,0,-1,-1,0,0,-1,-1,0,-1,-1,0,0,0,-1,-1,0,0,0,0,0,0,-1,0,-1,-1,0,-1,0,0,-1,-1,0,0,-1,0,0,0,0,0,0,0,0,0,0,0,0,-1,-1,-1,-1,-1,-1,-1,-1,-1,-1,0,-1
7,18,5,1,3,3,0,0,1,0,2,0,1,4,11,7,3,2,0,1,0,4,0,0,0,0,0,0,1,0,0,0,0,0,0,0,17,0,1,1,0,0,1,1,0,0,0,0,0,0,1,0,0,3,0,0,0,3,9,0,0,1,3,4,0,0,6,1,3,2,1,3,4,7,8,43,4,132,24,59,0,64,12,2,0,0,0,0,10,-1,-1,-1,-1,-1,-1,0,0,0,0,0,0,-1,0,-1,0,0,0,0,0,0,0,0,0,0,0,0,0,-1,0,-1,-1,0,-1,-1,0,0,0,-1,-1,0,-1,-1,0,0,0,-1,-1,0,0,0,0,-1,-1,0,0,0,0,0,0,0,0,0,0,0,0,0,0,0,-1,0,0,0,0,0,0,0,0,-1,-1,-1,-1,-1,-1,-1,-1,-1,-1,0,-1
6,12,4,0,3,0,0,0,0,0,0,1,1,0,0,2,1,0,0,1,0,0,0,0,0,0,0,0,0,0,0,1,0,0,0,0,8,0,0,0,0,0,0,1,0,0,0,0,0,0,1,0,0,0,0,2,0,0,5,2,3,3,1,2,0,2,1,0,2,0,0,1,3,2,10,15,9,87,18,58,0,18,35,6,0,0,0,0,10,-1,-1,-1,0,0,0,0,0,0,0,0,0,0,0,0,0,0,0,0,0,0,0,-1,0,0,0,0,0,-1,0,0,0,-1,-1,-1,0,0,0,0,0,0,-1,0,0,0,0,-1,-1,0,-1,-1,-1,0,-1,0,0,0,0,0,0,0,0,-1,0,0,0,0,0,0,0,0,0,0,0,0,0,0,0,-1,-1,-1,0,-1,-1,-1,-1,-1,0,-1,0
23,26,12,0,0,2,0,4,0,0,1,2,8,5,1,16,12,1,1,5,0,0,0,1,1,0,0,0,0,2,2,1,0,0,0,0,16,1,0,2,0,0,2,0,3,0,0,2,2,0,0,1,0,1,1,0,0,0,3,3,2,1,0,8,2,0,9,2,0,1,0,0,0,1,11,48,14,174,52,128,0,15,21,21,0,0,1,8,10,-1,-1,0,0,0,0,0,0,0,0,-1,0,-1,0,0,0,0,0,0,0,0,-1,-1,0,0,0,0,0,0,0,0,-1,0,-1,-1,0,-1,-1,-1,0,0,-1,0,0,-1,0,0,0,0,-1,0,-1,-1,-1,0,-1,0,0,0,0,0,-1,0,0,0,0,0,0,0,0,0,0,0,0,0,0,0,0,-1,-1,-1,0,-1,-1,-1,-1,-1,-1,0,-1
8,16,4,3,2,1,0,4,1,0,3,1,4,2,3,9,17,5,0,3,0,1,0,2,0,0,0,0,0,0,1,0,4,0,0,0,7,0,1,0,0,0,1,3,5,0,0,0,0,0,0,3,0,0,0,7,0,1,1,0,8,2,1,10,2,0,7,0,4,0,6,3,5,2,5,29,5,123,21,62,1,25,8,14,8,1,0,3,27,-1,-1,0,-1,-1,0,0,0,0,0,0,-1,-1,0,0,0,0,0,0,0,0,0,-1,-1,0,0,-1,0,-1,0,-1,0,-1,-1,-1,0,-1,0,0,-1,0,-1,-1,0,0,-1,-1,-1,-1,-1,-1,0,-1,-1,0,-1,0,0,0,0,0,0,-1,0,0,-1,0,0,0,0,0,-1,-1,-1,0,0,0,0,-1,-1,-1,0,-1,-1,-1,-1,-1,-1,0,-1
16,11,5,1,6,2,0,0,1,0,0,0,3,0,0,6,3,2,0,1,0,2,0,0,2,0,0,0,1,0,0,1,1,0,2,0,23,0,1,0,0,0,4,0,0,0,1,0,1,0,0,2,0,0,0,1,0,4,0,1,4,6,0,2,1,1,7,1,0,1,4,1,3,1,19,35,10,104,28,90,0,8,7,12,0,14,4,13,19,-1,-1,0,0,0,0,0,0,0,0,0,-1,0,0,0,0,0,0,0,0,-1,0,-1,0,0,0,0,0,0,0,-1,-1,0,-1,-1,-1,-1,0,-1,0,0,-1,-1,0,0,-1,-1,0,0,-1,-1,0,0,-1,-1,0,-1,0,-1,0,0,0,-1,0,0,0,0,0,0,0,0,0,0,0,0,0,0,0,-1,-1,-1,0,-1,-1,-1,-1,-1,-1,0,-1
0,0,0,0,0,0,0,0,0,0,0,0,0,0,3,0,1,0,0,0,0,0,0,0,1,0,0,0,0,0,0,0,0,0,0,0,0,0,0,0,0,0,0,0,0,0,0,0,0,0,0,0,1,0,0,0,0,0,0,0,0,0,0,0,0,0,0,0,0,0,0,0,0,0,0,2,0,2,0,0,0,0,1,0,0,0,0,0,0,-1,0,0,0,0,0,0,0,0,0,0,0,0,0,0,0,0,0,0,0,0,0,0,0,0,-1,0,0,0,0,0,0,0,0,0,0,0,0,0,0,0,-1,0,0,0,0,-1,0,0,0,-1,0,0,0,0,-1,0,-1,-1,0,0,0,0,0,0,0,0,0,0,0,0,0,0,0,0,0,0,0,0,-1,-1,0,-1,0,-1,-1,0,-1,0,0
12,9,11,3,1,0,0,2,0,0,0,1,5,3,4,4,15,0,0,0,0,0,0,0,2,0,0,0,0,0,0,1,1,0,0,0,10,0,1,0,0,0,0,0,4,0,0,2,0,0,0,1,0,0,0,2,0,1,1,1,2,6,4,4,0,0,6,1,7,2,6,2,0,9,10,34,7,133,21,92,0,11,9,8,0,1,0,14,13,-1,-1,0,0,0,0,0,0,0,0,0,0,0,0,-1,0,0,0,0,0,-1,0,-1,0,0,0,-1,0,-1,0,0,0,0,0,-1,0,-1,0,-1,0,0,-1,0,0,0,0,-1,-1,0,0,0,0,0,-1,0,0,0,0,0,0,0,0,0,0,0,-1,0,0,0,0,0,0,0,0,0,0,0,0,0,-1,-1,0,-1,0,-1,-1,-1,-1,0,-1
5,12,11,0,3,0,1,3,0,0,1,0,3,0,2,3,0,2,0,3,0,0,0,0,0,0,0,0,0,0,0,0,1,0,0,0,2,0,1,0,0,0,2,2,1,0,0,0,0,0,0,0,0,0,0,0,0,0,3,0,0,2,1,3,0,0,6,4,4,0,1,0,4,13,11,37,12,131,16,97,0,20,20,7,0,0,0,0,30,-1,-1,0,-1,-1,0,0,0,0,0,0,0,0,0,-1,0,-1,0,0,0,0,0,0,-1,0,0,0,0,-1,0,0,0,-1,-1,-1,-1,-1,0,-1,0,0,-1,0,0,0,0,0,-1,0,-1,0,0,0,-1,0,-1,0,0,-1,0,0,-1,0,0,0,-1,0,0,0,-1,0,0,0,0,0,0,0,0,-1,-1,-1,0,-1,-1,-1,-1,-1,0,0,-1
8,21,3,2,0,1,0,0,0,0,0,1,4,2,5,8,11,6,0,6,0,0,0,8,3,0,0,2,2,2,1,0,1,0,0,0,10,0,1,0,0,0,0,0,2,2,0,0,3,0,1,4,0,0,0,8,1,0,3,0,0,1,3,8,1,0,9,0,0,1,5,2,14,9,11,42,3,121,18,91,3,24,7,11,1,0,1,11,31,-1,-1,0,-1,0,0,0,0,0,0,-1,0,0,0,-1,0,0,0,0,0,0,0,-1,-1,0,0,0,0,0,0,-1,-1,-1,-1,-1,-1,-1,0,-1,0,0,-1,-1,0,0,0,-1,-1,0,-1,-1,-1,-1,-1,0,-1,-1,0,0,0,0,-1,0,0,0,-1,0,-1,0,0,0,0,0,0,0,0,0,0,-1,-1,-1,0,-1,-1,-1,-1,-1,-1,-1,-1
25,29,16,5,3,3,0,1,0,0,1,0,10,1,7,9,6,5,0,1,0,0,1,3,1,0,0,0,0,0,0,0,0,2,0,0,32,0,1,3,0,2,3,1,3,1,0,4,1,2,0,0,3,0,0,2,0,0,9,0,9,4,1,10,1,1,6,0,6,0,1,8,17,6,5,106,16,253,24,85,0,42,19,17,0,0,1,0,14,-1,-1,-1,-1,-1,0,0,0,0,0,0,0,-1,0,-1,0,0,0,0,0,0,0,-1,0,0,0,0,0,0,0,-1,0,0,-1,-1,-1,-1,0,-1,-1,0,-1,0,0,0,0,0,-1,0,-1,-1,0,-1,-1,0,-1,-1,0,0,0,-1,0,0,0,-1,0,0,0,-1,-1,0,0,-1,0,0,0,0,0,-1,-1,-1,0,-1,-1,-1,-1,-1,0,0,-1
1,2,2,1,3,0,1,0,0,1,1,0,0,0,2,0,3,1,0,0,0,0,0,0,1,0,0,0,0,0,0,0,0,0,0,0,7,0,0,1,0,0,0,0,1,0,0,0,0,0,0,3,0,0,0,0,0,0,0,0,0,0,0,1,0,0,1,0,0,1,0,0,0,1,0,11,1,11,0,8,0,1,0,2,0,0,0,0,0,0,-1,-1,-1,0,0,0,0,0,0,0,0,-1,0,0,0,0,0,0,0,0,0,0,0,0,0,0,0,-1,0,0,0,0,0,0,0,0,0,0,0,0,0,0,0,0,0,-1,0,0,0,0,0,0,-1,0,-1,0,0,0,0,0,0,0,0,0,0,0,0,0,0,0,0,0,0,0,0,0,0,0,-1,-1,0,0,-1,-1,-1,-1,0,0,0
5,9,5,3,0,0,0,0,0,0,0,2,8,0,5,4,31,3,0,9,0,0,1,6,0,0,0,1,4,0,0,1,3,0,0,0,18,0,4,1,1,0,0,0,3,1,1,1,0,0,1,1,1,1,1,1,0,0,4,1,0,1,3,7,1,2,5,7,0,7,3,0,1,5,0,51,2,120,12,42,9,3,1,3,0,2,4,6,6,-1,-1,0,-1,-1,0,0,-1,0,-1,0,-1,-1,0,0,-1,0,-1,-1,0,-1,0,-1,0,0,0,0,0,-1,0,0,0,0,-1,-1,-1,0,0,-1,-1,0,-1,-1,0,-1,-1,-1,-1,0,-1,-1,-1,-1,0,0,-1,-1,0,-1,0,-1,-1,-1,0,0,0,0,-1,-1,0,0,-1,-1,0,0,0,0,0,-1,-1,-1,-1,-1,-1,-1,-1,-1,-1,0,-1
4,5,11,2,0,6,0,0,1,0,0,0,6,3,4,1,3,3,0,3,0,0,0,4,2,0,1,0,2,0,0,2,0,0,0,0,11,0,0,1,0,1,1,0,4,0,0,1,0,0,0,4,0,0,0,6,0,0,1,0,0,5,3,6,0,1,2,2,1,5,1,0,5,2,3,28,5,56,3,16,2,1,2,0,0,1,1,0,13,-1,-1,0,0,-1,-1,0,0,0,0,0,-1,-1,0,-1,0,0,0,-1,0,0,0,-1,-1,0,0,0,0,0,0,0,-1,0,0,-1,-1,-1,0,-1,0,-1,-1,-1,0,0,-1,-1,-1,0,-1,-1,0,-1,-1,0,0,-1,0,0,0,0,-1,0,0,0,-1,0,0,0,0,0,-1,-1,0,0,0,0,0,0,-1,-1,0,-1,-1,-1,-1,-1,0,0,-1
3,4,10,0,0,4,0,1,1,1,3,0,8,0,8,2,12,1,0,8,0,0,1,4,3,0,0,0,0,0,2,9,1,0,0,1,15,1,3,0,1,0,0,0,12,0,1,0,0,0,0,8,5,0,0,7,0,0,1,0,1,4,2,7,7,5,7,2,0,2,1,0,4,0,6,34,3,83,17,18,2,1,1,0,0,0,3,0,2,-1,-1,0,-1,-1,-1,0,0,0,-1,-1,-1,-1,0,-1,-1,-1,0,0,0,0,-1,-1,-1,0,0,-1,0,0,0,0,0,0,0,-1,-1,-1,0,0,0,0,-1,0,0,0,0,-1,-1,0,0,0,0,-1,-1,-1,0,-1,0,-1,0,-1,-1,0,-1,0,0,0,0,-1,-1,0,-1,-1,0,0,0,0,0,0,-1,-1,0,-1,-1,-1,-1,-1,-1,-1,-1
7,20,10,5,6,2,0,6,0,0,2,0,9,0,6,4,14,2,0,9,0,0,0,6,1,0,0,0,1,1,1,2,4,0,0,0,22,4,0,0,0,0,0,0,7,0,0,9,1,0,1,8,4,0,0,1,1,1,4,0,0,0,3,12,6,8,5,6,3,6,3,5,0,3,5,51,11,162,5,83,5,3,7,0,0,0,1,3,6,-1,-1,0,0,-1,-1,-1,-1,0,0,0,-1,-1,0,-1,0,0,0,0,0,0,0,-1,-1,0,0,-1,0,0,0,-1,0,-1,0,-1,-1,-1,0,-1,-1,-1,-1,-1,-1,-1,-1,-1,-1,0,-1,-1,0,0,-1,0,-1,0,0,0,0,-1,0,-1,0,0,0,0,-1,0,0,0,-1,0,0,0,0,0,0,0,-1,-1,-1,-1,-1,-1,-1,-1,-1,0,-1
3,7,2,2,3,2,0,3,0,0,0,0,4,1,5,3,11,6,0,5,0,4,0,3,1,0,0,0,1,0,0,2,5,0,0,0,15,0,6,0,0,0,0,0,2,0,1,8,0,0,1,2,7,0,0,9,0,0,0,0,1,0,10,2,2,0,2,11,0,7,6,1,0,3,0,37,1,76,14,34,3,4,5,0,0,0,5,0,7,-1,-1,0,-1,-1,-1,0,-1,0,0,0,-1,-1,0,-1,0,0,0,0,-1,0,0,-1,-1,0,0,0,0,0,0,0,-1,0,-1,-1,-1,-1,-1,-1,-1,0,-1,-1,0,-1,-1,-1,-1,0,-1,-1,-1,-1,-1,-1,-1,-1,0,0,0,-1,0,-1,0,0,0,0,0,0,-1,-1,-1,-1,0,0,0,0,0,-1,-1,-1,-1,-1,-1,-1,-1,-1,0,-1,-1
7,14,7,0,1,3,1,1,1,0,0,0,22,0,2,8,12,4,0,3,0,0,0,15,3,0,1,0,5,0,0,0,0,0,0,0,26,3,8,0,0,0,3,0,2,0,1,5,0,1,0,5,5,1,0,4,1,0,2,0,1,7,8,8,1,1,4,5,0,1,6,0,2,3,1,57,2,103,4,65,5,4,2,0,0,0,6,3,2,-1,-1,0,-1,-1,0,0,-1,-1,0,0,-1,0,0,-1,-1,-1,-1,-1,0,0,0,-1,-1,0,0,-1,-1,-1,0,-1,0,0,0,-1,-1,0,0,-1,-1,-1,-1,0,0,0,-1,-1,-1,0,-1,-1,-1,0,-1,0,-1,-1,0,-1,0,0,0,-1,0,0,0,0,-1,0,-1,0,-1,-1,0,0,0,0,0,-1,-1,-1,0,-1,-1,-1,-1,-1,-1,0,-1
9,8,3,1,1,4,1,1,0,0,0,0,5,0,7,6,16,1,0,1,0,0,0,14,2,0,2,1,0,0,0,2,2,1,0,0,15,2,9,0,0,0,0,0,1,0,0,7,0,0,0,4,1,0,0,5,0,4,4,0,0,3,0,7,1,0,4,9,0,2,5,3,4,0,1,26,3,92,10,31,2,2,6,0,0,0,2,2,6,-1,-1,0,-1,-1,0,0,0,0,0,0,-1,-1,0,-1,-1,0,0,-1,0,-1,0,-1,0,0,-1,-1,0,0,0,-1,0,0,0,0,-1,0,-1,-1,-1,0,-1,0,0,-1,-1,-1,-1,-1,0,-1,-1,-1,-1,0,0,-1,0,0,-1,-1,0,-1,0,0,0,0,0,0,0,0,-1,0,0,0,0,0,0,-1,-1,-1,-1,-1,0,-1,-1,-1,-1,0,-1
11,6,10,1,8,4,1,0,0,0,1,1,1,3,13,1,25,2,0,4,0,0,0,8,5,0,0,0,1,1,0,3,4,0,0,1,33,0,5,0,1,0,0,0,7,1,1,2,0,0,1,6,7,0,0,3,0,1,2,1,2,1,0,14,0,0,15,7,0,3,8,4,1,7,1,61,4,122,8,58,3,4,5,0,0,0,3,6,7,-1,-1,-1,-1,-1,-1,-1,0,0,0,0,-1,-1,0,-1,-1,0,-1,0,0,0,0,-1,-1,0,0,-1,-1,-1,0,-1,-1,0,0,0,-1,-1,-1,-1,-1,0,-1,0,0,0,-1,-1,-1,0,-1,0,-1,-1,0,-1,-1,-1,0,0,0,-1,-1,-1,0,-1,0,0,0,-1,-1,0,-1,-1,-1,0,0,0,0,-1,-1,-1,0,-1,-1,-1,-1,-1,-1,-1,-1
8,10,12,1,9,5,1,2,1,0,0,0,7,1,10,10,17,1,0,2,0,0,0,7,8,0,0,3,3,2,3,2,3,5,0,0,32,2,5,1,0,2,0,0,7,1,0,3,0,1,0,11,1,3,3,3,0,0,1,0,0,6,2,21,1,1,6,0,0,2,6,2,7,6,1,52,3,128,18,53,0,7,4,2,0,1,2,5,14,-1,-1,0,-1,-1,0,0,0,-1,0,0,-1,-1,0,-1,-1,0,0,0,-1,-1,0,-1,-1,-1,0,-1,-1,-1,0,-1,0,-1,-1,-1,-1,-1,0,-1,0,0,-1,-1,0,-1,-1,-1,0,-1,0,-1,-1,0,0,0,-1,-1,0,0,0,-1,-1,-1,0,0,-1,0,0,0,0,0,-1,-1,0,0,0,0,0,0,-1,-1,0,-1,-1,-1,-1,-1,-1,0,-1
4,4,5,5,2,2,2,1,0,0,0,0,1,1,4,5,14,10,0,3,1,0,0,1,2,0,0,1,0,2,0,0,3,0,0,0,15,0,3,2,0,0,1,0,1,0,3,1,0,0,0,4,0,0,0,6,0,0,1,0,0,2,1,9,1,1,0,3,0,4,3,2,0,7,0,63,0,101,7,33,0,0,4,2,0,0,0,1,5,-1,-1,-1,-1,-1,0,0,-1,0,0,0,-1,-1,0,-1,-1,0,0,-1,0,0,0,-1,0,-1,0,0,0,0,0,0,-1,0,0,-1,-1,0,-1,-1,0,-1,-1,-1,-1,-1,-1,-1,-1,0,-1,-1,-1,-1,0,0,-1,-1,0,0,-1,0,-1,0,0,0,0,0,0,0,-1,-1,-1,0,0,0,0,0,0,-1,-1,-1,0,-1,-1,-1,-1,-1,-1,0,-1
7,6,8,0,8,0,1,3,0,0,0,0,2,0,7,0,17,0,0,3,0,0,0,3,1,0,0,0,3,0,2,1,0,1,1,0,15,1,3,0,0,0,0,0,9,1,0,6,0,1,0,6,0,1,1,5,0,0,0,0,4,2,4,5,7,0,4,3,0,3,3,2,1,0,2,38,9,80,7,34,3,7,5,4,0,0,0,1,4,-1,-1,-1,-1,0,0,0,0,0,0,0,-1,-1,-1,-1,0,0,0,-1,0,-1,0,-1,-1,0,-1,0,-1,-1,-1,0,0,0,0,0,-1,0,0,-1,0,0,0,-1,0,-1,-1,-1,-1,0,0,0,0,-1,0,0,0,-1,0,0,0,0,0,-1,-1,-1,0,0,-1,0,0,0,0,-1,-1,0,0,-1,0,-1,-1,-1,0,-1,0,-1,-1,-1,-1,0,-1
6,28,13,0,6,9,0,0,0,0,4,0,11,1,2,5,14,3,1,10,0,1,0,3,2,0,0,2,2,0,4,2,1,0,1,0,34,0,2,11,1,0,0,0,1,1,0,6,1,0,1,3,1,2,0,11,1,4,5,0,1,3,0,9,1,2,9,1,0,2,6,0,4,10,8,88,1,148,17,93,1,5,4,2,0,0,1,11,3,-1,-1,0,-1,-1,-1,0,0,0,0,0,-1,-1,-1,-1,-1,0,-1,0,0,0,-1,-1,-1,-1,0,0,-1,-1,0,-1,-1,0,-1,-1,-1,0,0,-1,-1,0,-1,-1,0,-1,-1,-1,-1,0,-1,-1,-1,-1,-1,0,-1,-1,0,0,0,0,-1,-1,-1,0,-1,0,-1,0,-1,0,0,-1,0,0,0,0,0,-1,-1,-1,-1,-1,-1,-1,-1,-1,-1,0,-1
12,6,5,2,10,2,0,5,0,0,0,1,7,0,5,8,12,5,0,1,0,0,0,3,0,0,1,2,0,2,2,0,1,0,0,0,28,4,2,1,0,0,0,0,7,0,3,0,0,0,0,5,3,1,0,4,0,0,3,0,1,2,3,20,1,3,8,9,0,3,8,0,1,10,3,84,14,166,27,95,1,10,0,3,0,3,1,4,11,-1,-1,0,-1,-1,0,0,0,0,0,0,-1,-1,-1,-1,-1,-1,-1,-1,-1,0,-1,-1,0,-1,0,0,0,-1,0,-1,0,-1,0,-1,-1,0,-1,-1,-1,0,-1,-1,-1,-1,-1,-1,-1,0,-1,-1,-1,-1,-1,0,-1,-1,0,0,-1,0,-1,-1,0,0,-1,0,0,0,0,-1,0,-1,0,-1,0,0,0,-1,-1,-1,0,-1,-1,-1,-1,-1,-1,-1,-1
13,15,9,2,4,14,0,2,4,1,6,2,2,0,5,4,9,4,0,9,0,0,0,6,2,0,0,0,1,3,0,3,0,0,0,0,24,6,4,0,3,0,0,0,3,2,1,2,0,0,0,4,2,0,0,1,0,2,2,0,1,1,2,21,1,1,20,3,0,7,12,2,2,5,9,63,6,171,9,71,0,5,10,4,0,1,0,11,16,-1,-1,0,-1,-1,0,0,0,0,0,0,-1,-1,0,0,0,-1,0,-1,-1,-1,-1,-1,0,0,0,0,0,0,0,0,-1,-1,-1,-1,-1,0,0,-1,-1,0,-1,-1,0,0,-1,-1,-1,0,-1,-1,-1,-1,-1,-1,-1,-1,0,0,0,0,-1,-1,0,0,-1,0,0,0,0,-1,0,-1,-1,0,0,0,0,-1,-1,-1,0,-1,-1,-1,-1,-1,-1,-1,-1
13,9,6,3,5,2,2,13,1,1,2,1,5,0,3,9,36,4,0,5,0,1,0,2,0,0,0,1,4,1,2,0,3,3,0,1,30,1,1,0,0,3,0,0,2,1,0,0,0,0,0,14,1,4,0,4,1,2,1,2,2,3,0,7,3,5,7,10,1,6,5,3,3,2,4,55,2,120,15,76,3,1,2,1,0,0,0,0,7,-1,-1,-1,-1,-1,-1,-1,0,-1,0,0,-1,-1,-1,-1,0,0,-1,-1,-1,0,-1,-1,-1,0,-1,0,0,0,0,0,0,0,-1,0,0,0,0,-1,-1,0,-1,-1,0,0,-1,-1,-1,0,-1,-1,-1,-1,-1,0,-1,-1,0,0,0,0,0,-1,0,0,-1,0,0,0,-1,0,-1,0,-1,0,-1,0,0,0,-1,-1,0,-1,-1,-1,-1,-1,-1,0,-1
12,7,20,3,7,13,2,7,0,0,4,0,6,0,8,1,26,4,0,9,0,0,0,15,8,0,1,2,8,1,6,1,8,0,0,0,23,5,6,3,0,1,1,0,2,2,1,1,0,2,1,12,0,1,1,3,1,0,6,0,1,2,2,27,4,4,13,3,0,7,9,0,2,7,4,79,0,158,27,95,2,4,4,6,0,0,4,10,20,-1,-1,-1,-1,-1,-1,-1,0,0,-1,0,-1,-1,0,0,-1,0,0,-1,-1,-1,0,-1,-1,0,0,0,0,-1,0,0,0,0,0,-1,-1,0,0,-1,-1,0,-1,-1,-1,-1,-1,-1,-1,0,0,-1,0,-1,0,0,-1,-1,0,0,-1,0,-1,-1,-1,0,-1,0,0,0,-1,0,-1,-1,-1,0,0,0,0,0,-1,-1,0,-1,-1,-1,-1,-1,-1,0,-1
3,13,2,0,1,3,0,2,0,0,1,0,8,0,8,2,22,3,0,5,0,1,0,5,5,0,1,1,0,2,0,2,12,4,1,1,17,0,2,2,0,1,0,0,5,1,2,8,0,2,0,8,1,0,0,2,0,0,0,1,0,7,4,13,0,5,7,1,0,4,3,2,1,5,0,47,3,108,17,88,3,1,0,5,0,0,1,0,1,-1,-1,-1,-1,-1,0,0,0,0,0,0,-1,-1,0,-1,-1,0,0,-1,-1,0,0,-1,-1,0,0,-1,0,-1,0,0,-1,0,0,-1,-1,-1,-1,-1,-1,-1,0,-1,0,-1,-1,-1,-1,0,-1,0,-1,-1,-1,0,-1,0,0,0,0,0,-1,-1,-1,0,0,0,-1,-1,-1,0,0,-1,-1,0,0,0,0,-1,-1,-1,0,-1,-1,-1,-1,-1,-1,0,-1
7,12,10,0,7,2,1,7,0,0,1,0,1,0,2,4,32,6,0,6,0,1,1,4,1,0,0,0,0,0,1,0,6,0,0,0,23,0,0,2,0,0,0,0,3,0,0,0,0,2,1,5,2,1,2,3,0,0,2,1,0,3,3,6,5,0,9,3,0,8,0,1,7,3,4,43,6,75,8,39,0,2,0,0,0,0,0,1,13,-1,-1,-1,-1,-1,0,-1,0,0,0,0,-1,0,-1,-1,-1,0,0,0,0,0,-1,-1,-1,-1,-1,0,-1,0,-1,0,-1,0,0,-1,-1,-1,0,-1,-1,0,-1,-1,0,0,-1,-1,-1,0,-1,-1,0,-1,0,-1,-1,-1,0,-1,0,0,-1,-1,0,0,0,0,0,0,-1,0,-1,-1,-1,0,0,-1,0,-1,-1,-1,0,-1,0,-1,-1,-1,-1,0,-1
0,9,0,0,1,3,0,1,4,0,0,0,3,0,7,0,7,1,0,2,0,0,0,5,1,0,0,0,0,1,8,2,0,0,0,0,18,3,6,0,0,0,0,1,0,0,0,0,0,0,0,4,0,1,0,2,0,0,2,0,3,0,3,8,5,6,3,8,0,3,7,0,2,7,5,32,1,78,6,43,0,11,1,0,0,0,2,5,4,-1,-1,0,0,0,0,-1,0,0,0,0,0,0,-1,-1,0,0,-1,0,0,0,0,-1,-1,0,0,0,0,0,0,0,0,0,0,-1,-1,0,0,-1,0,0,-1,-1,0,0,-1,-1,-1,0,0,-1,-1,0,-1,0,-1,-1,0,-1,-1,0,-1,-1,-1,0,0,0,0,-1,0,0,-1,0,0,0,0,0,0,0,-1,-1,0,-1,-1,-1,-1,-1,-1,-1,-1
9,7,5,0,7,9,0,3,0,0,0,1,7,0,5,3,30,6,0,0,0,0,0,9,3,0,0,3,0,1,1,2,0,0,0,0,27,2,4,0,1,1,0,0,4,0,0,4,0,0,0,10,0,4,0,10,4,1,0,0,0,4,0,13,3,4,10,3,4,3,8,3,6,6,6,70,2,144,13,52,2,5,3,5,0,0,4,8,1,-1,-1,-1,0,-1,0,0,-1,0,0,0,0,0,0,0,-1,-1,0,0,0,0,-1,-1,-1,0,0,0,-1,0,0,-1,-1,-1,0,-1,-1,-1,-1,-1,-1,0,-1,-1,0,-1,-1,-1,-1,-1,-1,-1,0,-1,-1,0,-1,-1,0,0,-1,0,-1,-1,-1,0,0,0,0,0,-1,0,0,-1,0,0,0,0,0,0,-1,-1,-1,-1,-1,-1,-1,-1,0,-1,-1
6,10,7,0,3,10,0,2,1,0,0,0,6,0,3,8,12,1,1,8,0,4,0,12,3,0,0,2,0,2,3,4,0,0,0,0,24,1,0,0,0,0,0,0,10,1,0,2,0,1,0,0,3,1,1,3,1,0,3,0,0,7,4,14,7,0,16,7,1,6,3,1,0,13,3,44,1,83,11,54,1,1,4,0,0,0,2,1,3,-1,-1,0,0,-1,0,0,0,0,-1,0,-1,-1,0,0,-1,0,0,0,0,0,-1,-1,-1,-1,0,-1,0,-1,0,0,-1,0,0,-1,-1,-1,-1,-1,-1,-1,-1,-1,0,0,-1,-1,-1,0,-1,-1,0,-1,0,0,-1,-1,0,0,0,-1,-1,-1,-1,0,0,0,0,0,-1,0,0,-1,-1,0,0,-1,0,0,-1,-1,0,-1,0,-1,-1,-1,-1,0,-1
8,9,7,1,2,5,0,1,0,0,0,0,4,0,2,1,19,3,0,1,0,0,1,2,5,0,2,0,0,0,3,0,3,0,1,0,18,0,9,0,0,0,1,0,8,0,1,0,0,0,1,6,0,1,0,7,0,0,0,1,0,1,0,15,5,1,9,1,1,1,3,0,0,5,1,35,3,78,12,39,0,6,0,1,0,0,2,2,2,-1,-1,0,-1,-1,0,0,0,0,0,0,-1,-1,0,-1,0,0,0,0,0,0,0,-1,-1,-1,-1,0,-1,0,0,0,-1,-1,0,0,0,0,-1,0,-1,-1,-1,-1,0,-1,-1,-1,-1,0,0,-1,-1,-1,-1,0,-1,-1,0,0,-1,-1,-1,-1,0,0,0,0,0,0,0,0,0,0,-1,0,0,0,0,-1,-1,-1,0,-1,0,-1,-1,-1,-1,0,-1
7,7,7,0,5,0,2,2,0,0,8,0,3,1,3,1,19,0,1,3,0,0,0,4,8,0,1,0,1,0,0,2,2,0,0,0,20,1,0,1,0,0,0,0,3,1,1,2,0,0,0,3,1,0,1,3,0,1,0,0,7,0,1,8,1,4,4,4,0,2,2,1,0,1,1,30,4,66,8,12,0,5,1,0,0,0,2,0,5,-1,-1,0,-1,-1,0,0,0,0,0,0,-1,0,0,-1,0,0,0,-1,0,0,0,-1,-1,0,0,-1,0,0,-1,0,0,0,-1,0,-1,-1,0,-1,-1,-1,-1,-1,0,0,-1,-1,-1,0,-1,0,-1,0,-1,0,-1,-1,0,0,0,0,-1,-1,0,0,0,0,0,0,0,0,0,0,-1,0,-1,0,0,-1,-1,-1,0,-1,-1,-1,-1,-1,-1,0,-1
10,13,3,1,6,9,0,2,0,0,7,0,5,1,4,7,23,5,0,13,2,3,1,4,6,0,1,0,4,2,1,6,0,0,1,0,27,4,0,3,3,0,0,3,5,0,1,2,0,0,0,12,1,1,0,3,0,0,0,1,0,3,8,7,0,4,6,7,0,8,3,0,0,4,3,47,6,124,5,55,0,2,6,1,0,4,8,0,2,-1,-1,0,-1,-1,0,-1,0,0,0,0,-1,-1,0,-1,-1,0,-1,0,-1,0,0,-1,-1,-1,-1,0,-1,0,0,0,-1,-1,0,-1,-1,-1,0,-1,-1,0,-1,0,0,0,-1,-1,-1,-1,-1,-1,-1,-1,-1,0,-1,-1,0,0,-1,-1,-1,-1,0,0,0,0,-1,0,0,0,-1,-1,0,-1,0,-1,-1,-1,-1,-1,0,-1,-1,-1,-1,-1,-1,-1,-1
7,12,15,0,0,5,1,2,2,1,1,1,7,0,7,5,11,2,0,0,0,0,1,2,10,0,0,2,1,3,1,1,2,1,0,0,21,1,2,0,1,3,1,0,5,0,3,3,0,0,0,4,1,0,0,5,1,0,1,0,0,1,3,12,1,0,12,5,1,4,0,1,0,2,1,62,9,78,16,30,0,5,1,5,0,0,3,1,8,-1,-1,0,-1,0,0,0,0,0,0,0,-1,-1,-1,-1,0,0,0,0,0,-1,0,-1,-1,-1,-1,-1,0,-1,-1,-1,-1,-1,-1,-1,-1,-1,0,-1,-1,-1,-1,-1,0,-1,-1,-1,-1,-1,-1,-1,-1,0,-1,-1,-1,-1,0,0,0,-1,0,-1,0,0,0,0,0,-1,-1,0,0,-1,-1,0,0,0,0,0,-1,-1,0,-1,-1,-1,-1,-1,-1,0,-1
14,20,16,0,1,6,0,0,1,0,1,1,7,0,3,6,22,2,2,7,0,1,0,5,4,0,2,2,2,0,2,2,5,0,0,0,14,2,2,0,0,0,0,0,5,1,3,3,0,2,4,10,4,0,0,3,0,0,8,1,1,5,3,17,6,5,6,9,1,4,3,5,0,8,9,50,14,155,20,86,2,13,8,4,0,3,5,6,7,-1,-1,-1,-1,-1,0,0,0,0,0,-1,-1,0,0,-1,-1,0,0,-1,0,0,0,-1,0,0,0,0,0,-1,-1,-1,-1,0,-1,-1,-1,-1,-1,-1,-1,0,-1,-1,-1,-1,-1,-1,-1,0,-1,-1,0,-1,-1,0,-1,0,0,-1,-1,-1,-1,-1,0,0,0,0,0,0,-1,0,0,0,0,0,0,-1,0,-1,-1,-1,-1,-1,-1,-1,-1,-1,-1,0,-1
3,8,2,0,3,1,0,5,0,0,2,0,4,0,5,2,4,4,0,0,0,0,0,4,4,0,1,1,5,2,2,0,3,0,0,0,19,1,0,0,0,0,1,0,2,4,0,3,0,0,0,5,1,1,0,2,1,0,0,2,0,4,0,7,2,3,4,0,7,1,1,4,1,1,10,27,4,71,15,36,0,2,3,5,0,0,0,5,7,-1,-1,-1,-1,0,0,0,0,0,0,0,0,0,0,0,0,0,-1,0,0,0,0,-1,0,0,0,-1,0,0,-1,-1,-1,-1,0,-1,-1,-1,-1,-1,-1,0,-1,0,0,0,-1,-1,0,0,0,-1,0,0,-1,0,-1,0,0,0,0,0,0,-1,-1,0,-1,0,0,0,0,0,0,0,0,0,0,0,0,-1,-1,-1,0,-1,-1,-1,-1,-1,-1,0,-1
17,28,19,0,3,4,3,5,0,0,3,0,14,4,3,5,12,2,0,5,3,0,0,1,0,0,0,0,0,0,3,0,0,0,0,0,30,0,4,0,0,0,0,0,1,1,0,0,0,0,0,0,0,0,0,4,2,2,4,0,2,2,0,10,4,0,8,2,0,1,2,1,1,4,4,43,5,171,36,95,1,25,11,6,0,0,0,4,13,-1,-1,-1,-1,0,0,0,0,0,0,0,0,-1,0,0,0,0,0,0,0,0,0,-1,-1,0,0,0,-1,0,0,-1,-1,0,-1,-1,0,0,-1,-1,0,0,-1,0,0,0,-1,-1,-1,0,-1,-1,0,0,-1,0,-1,0,0,0,-1,0,-1,-1,0,0,0,0,0,0,0,0,0,-1,0,0,0,0,0,-1,-1,-1,-1,-1,-1,-1,-1,-1,-1,0,-1
10,19,12,3,0,1,0,3,0,0,5,4,5,0,5,14,8,1,0,6,0,7,1,3,1,0,0,0,0,0,2,1,0,0,2,0,29,0,3,0,0,2,3,0,0,0,0,4,0,0,7,5,0,0,0,3,0,0,4,1,5,7,2,7,0,1,8,1,5,1,2,3,2,3,7,42,5,140,38,114,0,14,15,11,0,2,10,1,14,-1,-1,0,-1,-1,0,0,0,0,0,0,0,0,0,0,0,-1,0,0,-1,0,0,0,-1,0,0,0,0,0,0,-1,-1,-1,-1,-1,-1,-1,-1,0,0,-1,-1,0,0,0,-1,-1,0,0,-1,0,0,-1,-1,-1,-1,-1,0,0,0,0,-1,0,0,0,0,0,0,0,0,0,0,0,0,0,0,0,0,-1,-1,-1,0,-1,-1,-1,-1,-1,-1,0,-1
26,19,8,1,6,4,0,0,0,0,0,1,0,1,0,16,12,3,0,2,0,0,0,3,1,0,0,0,1,0,0,0,0,0,0,0,21,0,1,0,0,2,0,0,0,0,1,0,0,0,0,4,0,1,0,4,0,0,7,4,1,8,4,3,1,0,10,3,1,0,0,2,0,14,9,45,10,137,34,145,0,17,6,10,0,2,0,3,15,-1,-1,0,0,-1,0,0,0,0,0,0,0,-1,0,-1,0,0,0,0,0,0,0,-1,0,0,0,0,0,-1,0,-1,-1,-1,-1,-1,-1,-1,-1,-1,0,0,-1,-1,0,0,0,0,-1,0,-1,-1,0,-1,-1,-1,0,0,0,0,0,0,0,0,0,0,0,0,-1,0,0,0,0,0,0,0,0,0,0,-1,-1,-1,0,-1,-1,-1,-1,-1,0,0,-1
12,19,14,0,1,0,0,9,0,0,2,2,8,3,2,1,2,3,1,9,0,1,3,2,8,0,0,0,0,0,0,0,0,0,2,0,5,1,0,0,0,0,4,0,0,0,0,0,0,0,1,0,0,0,0,2,0,0,0,0,0,3,7,1,0,0,6,6,2,0,1,0,0,4,7,35,7,125,36,102,0,15,7,6,0,2,0,1,9,-1,-1,-1,0,-1,0,0,0,0,0,0,0,0,0,0,0,-1,0,0,0,0,0,0,0,0,0,0,0,0,0,-1,-1,-1,-1,-1,-1,-1,-1,0,0,0,-1,0,0,0,0,-1,-1,0,0,0,0,-1,-1,-1,0,0,0,0,0,0,0,0,0,0,0,0,0,0,0,0,0,0,0,0,0,0,0,-1,-1,-1,0,-1,-1,-1,-1,-1,0,0,0
15,23,2,0,1,1,0,1,0,2,1,1,2,2,0,6,2,0,0,1,2,0,2,0,1,0,0,0,0,0,0,0,0,0,0,0,12,0,0,1,0,2,1,0,0,2,0,1,0,0,0,0,0,0,0,1,0,1,4,0,2,0,3,4,0,0,8,1,2,0,2,0,8,7,9,30,5,129,38,89,0,13,10,8,0,2,1,1,7,-1,-1,0,0,0,0,0,0,0,0,0,0,0,0,0,0,0,0,-1,0,0,0,-1,0,0,0,0,0,-1,0,-1,-1,0,0,-1,-1,0,-1,0,0,-1,-1,0,0,-1,0,0,-1,0,-1,-1,0,-1,-1,0,0,0,0,0,0,0,0,0,0,0,-1,0,0,0,0,0,0,0,0,0,0,0,0,-1,-1,-1,0,-1,-1,-1,-1,-1,0,-1,-1
18,6,9,1,1,2,0,0,0,0,3,0,6,2,6,4,4,1,0,2,0,0,0,0,0,0,0,0,0,0,0,0,0,0,0,0,16,0,4,3,0,0,3,1,5,0,0,0,0,0,1,2,0,2,0,1,1,0,5,0,0,0,2,2,1,0,5,0,5,0,1,0,5,7,7,55,2,98,20,84,0,8,7,7,0,0,2,1,8,-1,-1,0,0,0,0,0,0,0,0,0,0,0,0,0,0,0,0,0,0,0,0,-1,0,0,-1,0,0,0,0,0,-1,0,-1,-1,-1,-1,0,0,0,0,0,0,0,0,0,-1,-1,0,0,-1,-1,0,-1,0,0,0,0,0,0,0,0,-1,0,0,-1,0,0,0,0,0,-1,0,0,0,-1,0,0,-1,-1,-1,0,-1,-1,-1,-1,-1,-1,0,-1
15,11,7,3,0,1,0,5,0,0,2,0,5,2,8,3,2,2,0,0,0,0,0,3,3,0,0,0,2,0,4,2,1,1,0,0,19,0,1,0,0,0,1,0,4,2,0,2,0,0,1,2,0,1,0,3,0,3,0,4,0,4,2,11,1,1,10,4,0,1,2,1,3,9,2,35,1,84,17,64,2,19,17,5,0,2,0,9,13,-1,-1,0,-1,0,0,0,0,0,0,0,0,-1,0,-1,0,0,-1,0,0,0,0,-1,-1,0,0,0,0,0,-1,0,-1,-1,-1,-1,-1,-1,-1,-1,0,0,-1,0,0,0,-1,0,-1,0,0,0,0,0,-1,0,-1,0,0,0,0,0,0,-1,0,0,-1,0,-1,0,0,0,0,0,0,0,0,0,0,-1,-1,-1,0,-1,-1,-1,-1,-1,-1,0,-1
10,12,8,1,3,1,0,0,0,0,2,3,2,0,0,7,11,0,0,0,0,1,0,0,0,0,2,0,1,0,0,0,2,0,0,0,7,0,0,0,0,0,0,0,2,1,0,0,0,0,1,6,2,0,0,0,2,0,6,2,4,9,4,15,0,2,5,2,0,1,4,0,3,9,8,37,3,96,26,43,1,9,2,5,0,1,1,0,9,-1,-1,0,0,0,0,0,0,0,0,0,-1,0,0,0,0,0,0,-1,0,0,0,-1,-1,-1,0,0,0,-1,0,0,-1,-1,0,-1,-1,0,-1,0,0,-1,-1,0,0,0,0,-1,0,0,-1,0,0,-1,-1,0,-1,0,0,-1,0,0,-1,-1,0,0,0,0,0,0,0,0,-1,0,0,0,0,0,0,-1,-1,-1,0,-1,-1,-1,-1,-1,0,0,0
9,22,17,0,2,8,0,2,5,0,1,1,9,2,2,13,14,3,0,1,0,0,1,4,3,0,1,5,0,1,0,1,0,0,0,0,30,0,4,0,0,1,0,1,8,3,3,1,0,1,5,2,0,0,0,5,1,0,6,1,5,10,8,6,1,2,16,5,0,5,6,6,3,10,13,68,3,159,23,78,1,3,4,7,0,0,0,3,5,-1,-1,0,-1,-1,0,-1,0,0,0,0,0,-1,0,-1,0,0,0,-1,0,0,0,-1,0,0,0,0,-1,0,0,0,-1,0,-1,-1,0,-1,-1,-1,-1,-1,-1,-1,0,0,-1,-1,-1,0,-1,-1,-1,-1,-1,0,-1,-1,0,-1,0,0,0,-1,0,0,0,0,0,0,-1,0,0,0,0,0,0,0,0,-1,-1,-1,0,-1,-1,-1,-1,-1,0,0,-1
15,18,6,0,0,6,0,0,0,0,1,0,4,0,6,9,10,1,1,1,0,0,0,4,5,0,2,1,0,2,2,2,0,0,0,0,11,0,1,0,0,0,5,0,0,4,1,5,3,0,4,3,1,1,0,3,0,0,1,1,2,10,5,12,2,1,7,4,0,3,10,1,0,2,14,42,3,123,27,59,0,5,1,2,0,0,1,0,2,-1,-1,0,0,-1,0,0,0,0,0,0,-1,0,0,0,0,-1,0,0,0,0,-1,-1,0,0,0,0,0,0,0,0,-1,-1,-1,-1,-1,-1,0,-1,-1,-1,-1,0,0,0,-1,-1,-1,0,-1,-1,-1,0,-1,0,-1,-1,0,0,0,-1,0,-1,0,0,0,0,0,0,-1,0,0,0,0,0,0,0,0,-1,-1,-1,0,-1,-1,-1,-1,-1,0,0,-1
18,27,11,0,9,9,5,1,0,0,3,0,7,1,4,8,20,1,1,8,3,4,0,10,10,0,0,1,2,0,2,0,0,0,1,0,33,2,5,0,0,1,0,3,7,0,1,1,0,0,1,9,2,0,0,5,0,0,2,3,8,4,2,16,0,2,6,6,0,5,10,1,5,7,8,70,6,166,33,93,1,12,5,3,0,0,0,0,14,-1,-1,0,0,-1,-1,0,0,0,0,0,-1,0,0,0,0,0,0,0,0,0,0,-1,-1,0,0,0,0,-1,0,-1,-1,-1,-1,-1,-1,-1,-1,-1,0,-1,-1,-1,0,-1,-1,-1,-1,0,-1,-1,-1,-1,-1,0,-1,-1,0,-1,-1,0,0,-1,0,0,0,0,-1,-1,-1,0,-1,-1,0,0,0,0,0,-1,-1,-1,-1,-1,-1,-1,-1,-1,-1,0,-1
7,1,1,1,3,6,0,0,0,0,1,0,4,0,4,9,9,0,1,1,0,0,0,2,2,0,2,1,3,0,3,5,3,1,0,0,10,3,0,0,0,0,0,0,3,0,0,4,0,0,0,3,0,1,0,3,0,0,0,0,2,0,2,4,6,1,4,6,0,2,0,0,0,7,0,32,1,31,7,13,0,2,0,1,0,0,0,1,0,-1,-1,-1,-1,0,0,0,0,0,0,0,0,-1,0,0,0,0,0,0,0,-1,0,0,-1,0,-1,0,-1,0,0,-1,0,0,0,-1,-1,0,-1,-1,0,0,-1,-1,0,0,-1,-1,-1,0,0,-1,0,-1,0,0,-1,0,0,0,0,0,-1,0,0,0,0,0,0,0,0,0,0,0,0,0,0,0,0,-1,-1,-1,0,-1,-1,-1,-1,-1,0,0,-1
6,12,7,0,4,4,1,0,0,0,1,1,7,0,4,1,9,0,0,4,0,0,2,4,1,0,0,0,8,0,0,2,0,2,0,0,15,0,0,3,0,1,0,1,4,2,0,2,0,0,1,6,1,1,3,9,0,0,4,0,1,6,5,11,9,7,9,8,1,3,1,0,0,4,3,45,0,69,14,43,1,3,5,2,0,0,0,2,6,-1,-1,0,0,-1,0,0,0,0,0,0,0,-1,-1,0,-1,0,0,0,0,0,0,-1,-1,-1,0,0,0,0,-1,-1,-1,0,-1,-1,-1,-1,-1,-1,-1,-1,-1,-1,0,-1,-1,-1,-1,-1,0,-1,-1,-1,-1,-1,-1,-1,0,0,0,0,-1,-1,0,0,0,0,0,0,-1,0,0,-1,0,0,0,-1,0,0,-1,-1,-1,-1,-1,-1,-1,-1,-1,0,-1
4,10,7,1,0,10,0,0,0,0,0,0,4,0,8,8,11,1,0,4,1,0,0,9,3,0,0,0,8,1,10,2,4,0,0,2,27,0,1,2,0,0,0,0,2,0,0,3,0,0,0,8,3,0,1,9,0,0,2,0,0,6,2,24,1,0,4,7,3,8,2,0,12,9,1,43,14,111,23,41,0,16,6,0,0,1,0,3,12,-1,-1,0,0,0,0,0,0,0,0,0,0,-1,0,-1,0,0,0,-1,0,-1,0,-1,-1,-1,0,0,0,-1,0,0,-1,-1,-1,-1,-1,-1,-1,-1,-1,0,-1,-1,-1,0,-1,-1,-1,-1,-1,-1,0,-1,-1,0,-1,-1,0,0,0,0,0,-1,-1,0,0,0,0,0,0,0,0,-1,0,0,0,-1,0,-1,-1,-1,0,-1,-1,-1,-1,-1,-1,0,-1
8,18,18,1,4,5,1,6,2,0,10,0,14,0,3,3,32,2,0,10,0,2,1,27,2,0,2,1,4,5,0,8,7,0,0,0,33,1,4,3,2,0,2,0,5,5,0,8,3,4,2,10,1,0,3,6,0,0,0,0,3,3,5,22,2,1,16,7,0,11,10,0,2,8,7,46,6,122,18,30,1,4,8,5,0,1,2,6,5,-1,-1,0,-1,0,0,0,0,0,0,0,-1,-1,0,0,0,-1,0,0,-1,0,0,-1,-1,0,0,0,0,-1,0,-1,-1,0,-1,-1,-1,-1,-1,-1,-1,-1,-1,-1,-1,-1,-1,-1,-1,-1,-1,-1,-1,-1,-1,0,-1,-1,0,-1,0,0,-1,-1,0,0,-1,0,-1,0,-1,0,0,-1,-1,0,0,0,0,-1,-1,-1,0,-1,-1,-1,-1,-1,0,-1,-1
8,13,1,2,5,3,0,1,0,0,1,0,3,0,8,1,6,4,0,5,0,2,0,5,0,0,1,0,1,0,2,1,2,0,0,0,33,0,0,0,1,0,0,0,3,0,0,0,2,0,0,5,0,2,0,1,0,0,4,0,1,0,2,9,1,0,7,2,2,4,1,0,3,8,4,27,1,92,19,40,0,0,0,0,0,0,0,2,7,-1,-1,0,-1,0,0,0,0,0,0,0,-1,0,0,0,0,-1,0,0,0,0,0,-1,0,0,0,0,0,-1,0,0,-1,0,-1,0,-1,0,0,-1,-1,0,-1,0,0,-1,-1,-1,0,0,0,-1,-1,-1,-1,0,-1,0,0,0,0,0,0,-1,-1,0,0,0,0,0,0,0,0,-1,0,-1,0,0,0,-1,-1,-1,0,-1,-1,-1,-1,-1,-1,0,-1
10,25,12,0,4,5,2,7,0,0,1,2,13,3,9,3,37,3,0,9,0,1,0,8,4,0,1,0,1,1,3,0,3,0,0,1,48,8,9,1,2,2,1,1,7,3,1,3,1,0,1,17,3,0,0,6,0,0,2,0,3,7,3,33,1,0,15,3,4,11,3,0,9,7,5,98,17,188,23,63,2,9,3,4,0,0,7,6,2,-1,-1,0,-1,-1,0,-1,0,0,0,0,-1,-1,0,0,0,0,0,-1,0,0,0,-1,-1,0,0,0,-1,0,0,0,0,-1,-1,0,-1,-1,-1,-1,-1,0,-1,-1,-1,0,-1,-1,-1,0,-1,-1,-1,0,-1,0,-1,-1,0,0,-1,0,0,-1,0,0,-1,0,-1,0,0,0,0,0,0,0,0,0,0,0,-1,-1,-1,-1,-1,-1,-1,-1,0,-1,-1
10,26,10,5,10,4,0,0,2,0,4,1,3,0,3,4,11,2,0,3,0,0,0,8,2,0,1,2,0,1,0,0,2,1,0,0,38,4,6,0,2,3,2,1,3,3,0,3,1,0,4,6,0,2,0,2,2,0,1,1,0,6,0,12,1,3,4,2,0,5,0,3,2,0,10,44,11,133,25,53,3,3,0,3,0,0,2,0,5,-1,-1,0,0,-1,0,0,0,0,0,0,0,0,0,0,0,0,0,-1,0,0,0,-1,-1,0,0,0,0,0,0,0,0,-1,0,-1,-1,-1,0,-1,0,-1,-1,-1,0,0,-1,-1,-1,0,-1,-1,-1,0,-1,-1,-1,0,0,-1,-1,0,0,0,0,0,0,0,0,0,-1,0,0,0,-1,0,0,0,0,0,-1,-1,0,-1,-1,-1,-1,-1,-1,0,-1
12,26,14,0,8,5,0,6,0,0,2,0,8,1,5,4,12,0,0,2,0,0,0,7,1,0,0,2,3,0,1,3,1,0,0,0,39,0,3,0,0,1,1,0,3,5,0,3,0,1,10,3,4,4,0,7,2,8,2,2,0,4,6,24,3,0,6,12,0,10,2,1,3,10,6,53,5,127,18,78,1,5,4,6,0,0,2,0,0,-1,-1,0,-1,-1,0,0,0,0,0,0,0,-1,0,0,0,0,0,0,0,0,0,-1,-1,0,0,0,0,-1,0,0,0,0,0,0,0,0,0,-1,-1,0,-1,0,-1,0,-1,-1,-1,-1,-1,-1,-1,-1,-1,0,-1,-1,0,0,-1,0,-1,0,0,0,0,0,-1,0,-1,0,-1,0,0,0,0,0,0,-1,-1,-1,0,-1,-1,-1,-1,-1,-1,-1,-1
14,15,6,3,0,12,0,8,0,0,0,0,1,0,6,1,22,5,0,6,1,2,0,6,6,0,2,0,0,0,0,5,4,0,1,0,28,7,1,3,0,2,1,0,5,5,2,6,1,1,4,3,6,4,0,0,2,2,1,0,5,3,4,19,0,2,9,10,0,4,16,3,1,6,1,34,6,75,18,26,0,0,1,1,0,0,2,7,1,-1,-1,0,-1,-1,0,0,0,0,0,0,-1,-1,0,-1,-1,0,0,0,0,0,0,-1,-1,-1,0,0,0,0,0,-1,-1,0,-1,-1,-1,0,0,-1,-1,0,-1,-1,0,-1,-1,-1,-1,0,-1,-1,-1,-1,-1,0,-1,-1,0,0,0,0,0,0,0,0,-1,0,0,0,-1,0,0,0,0,0,0,0,0,-1,-1,-1,-1,-1,-1,-1,-1,-1,0,0,-1
12,24,3,4,3,5,2,6,0,1,0,1,8,3,22,3,12,4,0,4,6,3,0,5,0,0,1,2,0,2,0,0,0,0,0,3,31,0,2,0,1,0,0,0,4,1,0,0,0,0,3,1,0,4,2,5,0,0,0,3,5,2,0,14,7,1,16,2,2,3,5,0,5,6,8,52,7,124,19,58,0,16,4,10,0,0,0,1,7,-1,-1,0,-1,-1,0,0,0,0,0,0,0,-1,0,0,0,0,0,0,0,0,0,-1,-1,0,0,0,0,0,0,-1,-1,0,0,-1,-1,-1,-1,-1,-1,0,-1,0,0,0,-1,-1,-1,0,-1,-1,-1,-1,-1,-1,-1,-1,0,0,0,0,0,-1,0,0,0,0,0,0,-1,0,0,0,0,0,0,0,0,-1,-1,-1,-1,-1,-1,-1,-1,-1,-1,-1,-1
3,10,7,0,3,2,0,1,0,1,1,0,9,0,4,2,10,1,1,1,0,0,2,2,1,0,0,2,0,3,1,2,2,1,0,0,15,1,0,1,0,0,0,0,1,0,0,1,0,0,1,6,0,0,0,3,0,0,4,0,0,2,0,15,1,7,1,1,0,5,5,0,10,1,4,30,1,57,12,37,0,2,0,3,0,0,3,4,2,0,-1,0,0,-1,0,0,0,0,0,0,0,0,0,0,0,0,0,0,0,0,0,0,0,0,0,0,0,0,-1,-1,0,0,0,-1,-1,-1,0,-1,0,0,-1,0,0,-1,0,-1,0,-1,-1,-1,-1,-1,-1,0,-1,-1,0,0,0,0,0,-1,0,0,0,0,0,0,0,0,0,-1,0,-1,0,0,0,-1,-1,-1,0,0,-1,-1,-1,-1,-1,0,-1
9,8,7,2,11,5,2,3,2,0,2,0,5,1,13,5,32,3,0,2,0,7,4,3,3,0,0,3,1,6,2,4,2,0,0,1,37,0,2,2,0,0,0,0,4,0,2,1,0,0,4,6,3,0,0,14,0,0,1,1,8,0,0,25,2,3,12,5,0,4,4,2,8,6,7,59,6,142,19,68,1,3,3,5,0,0,0,6,3,-1,-1,0,-1,-1,0,0,0,0,0,0,-1,-1,0,0,0,0,0,0,0,0,0,-1,0,0,0,0,0,-1,0,0,0,-1,-1,-1,-1,0,-1,-1,-1,0,-1,-1,0,0,-1,-1,-1,0,-1,-1,-1,-1,-1,-1,-1,-1,0,-1,0,0,0,-1,0,0,0,0,0,0,0,0,-1,0,0,0,0,0,0,0,-1,-1,0,-1,-1,-1,-1,-1,-1,-1,-1
29,18,17,2,11,2,2,1,1,0,1,0,15,3,15,4,25,6,4,9,0,0,0,17,13,0,0,2,3,4,5,6,3,2,5,0,42,9,12,2,0,6,0,0,7,3,0,27,1,0,0,9,3,5,0,8,0,4,7,2,7,8,2,18,0,0,5,3,0,16,3,1,5,11,7,70,7,134,26,60,0,4,0,4,0,0,0,15,3,-1,-1,0,0,-1,0,0,0,0,0,0,-1,0,0,-1,0,0,0,0,0,0,0,-1,-1,0,-1,0,-1,-1,0,0,0,0,-1,-1,0,-1,-1,-1,0,0,-1,-1,0,0,-1,-1,-1,0,-1,-1,-1,-1,-1,-1,-1,-1,0,0,0,0,0,0,0,0,0,0,-1,0,-1,0,-1,-1,-1,0,0,0,0,-1,-1,-1,-1,-1,-1,-1,-1,-1,-1,0,-1
5,12,11,0,3,1,1,6,0,0,2,1,8,0,5,6,15,5,0,0,0,2,1,6,0,0,0,0,1,1,0,0,1,0,0,0,30,0,0,2,0,0,0,2,0,2,0,0,0,0,0,6,1,6,1,3,0,0,3,1,4,4,2,23,1,4,2,11,0,1,5,0,1,13,7,52,3,124,9,66,0,4,4,6,0,1,0,3,2,-1,-1,-1,-1,0,0,0,0,0,0,0,0,0,0,0,0,0,0,0,0,0,0,-1,-1,0,0,0,0,0,-1,0,0,-1,0,0,-1,0,0,-1,-1,0,-1,0,-1,0,-1,-1,-1,0,0,-1,0,-1,-1,-1,-1,-1,0,0,-1,0,0,-1,0,0,0,0,0,0,-1,0,0,-1,0,-1,0,-1,0,-1,-1,-1,0,-1,-1,-1,-1,-1,-1,0,-1
14,11,7,0,2,0,1,3,0,0,0,0,9,3,9,9,10,3,0,7,0,0,1,6,4,0,0,5,0,0,0,3,0,0,0,1,35,3,5,3,0,0,2,0,5,2,1,7,0,0,0,2,0,0,0,16,0,0,2,2,1,5,4,20,4,5,12,5,2,0,4,2,16,6,1,50,0,124,17,53,5,2,1,7,0,0,0,2,1,-1,-1,0,-1,-1,0,0,0,0,0,0,0,0,0,-1,0,0,0,0,0,0,0,0,-1,0,0,0,-1,-1,0,0,-1,-1,-1,-1,-1,-1,0,-1,-1,-1,-1,-1,0,-1,-1,-1,-1,0,-1,-1,-1,-1,-1,-1,-1,-1,0,0,-1,0,-1,0,0,0,0,0,0,0,0,0,0,0,0,0,0,0,0,-1,-1,-1,-1,-1,-1,-1,-1,-1,-1,0,-1
5,6,13,5,6,7,1,7,0,0,0,2,11,1,5,5,17,6,0,4,0,0,2,5,2,0,0,2,3,1,0,3,0,1,0,0,37,6,0,0,0,0,0,0,9,0,0,4,0,0,1,1,5,0,0,2,0,0,4,0,0,2,0,18,1,2,5,4,0,5,2,2,2,1,5,49,4,123,19,42,0,3,3,0,0,0,2,1,2,-1,-1,0,0,0,0,0,0,0,0,0,0,-1,0,0,0,0,0,-1,0,0,0,-1,-1,0,0,-1,0,-1,0,0,0,0,-1,-1,0,0,0,-1,-1,-1,-1,-1,0,-1,-1,-1,-1,0,-1,-1,0,-1,-1,0,-1,-1,0,-1,-1,0,-1,0,0,0,0,0,0,0,-1,0,0,0,0,0,0,0,0,-1,-1,-1,-1,-1,-1,-1,-1,-1,-1,0,-1
9,3,10,0,7,3,0,1,0,0,0,2,6,0,2,1,7,3,2,3,0,0,0,3,10,0,0,0,0,3,2,0,2,0,0,0,12,0,1,1,0,1,0,0,3,4,0,3,1,1,0,3,0,0,0,5,0,2,4,0,1,0,4,8,0,0,3,5,0,4,1,4,5,1,1,37,4,58,11,31,0,3,2,0,0,0,0,1,0,0,-1,0,-1,-1,0,0,0,0,0,0,-1,-1,0,0,0,0,0,0,0,0,0,-1,-1,0,0,0,-1,-1,0,-1,-1,0,0,-1,0,-1,0,-1,-1,-1,-1,-1,0,0,-1,0,-1,0,0,-1,-1,0,-1,-1,-1,-1,0,0,0,0,0,0,0,0,0,0,0,0,0,0,0,0,0,0,0,0,0,0,-1,-1,0,-1,-1,-1,-1,-1,0,0,-1
10,12,9,3,3,3,0,4,4,1,1,1,4,0,8,5,17,2,1,7,0,3,0,3,5,0,1,4,1,0,1,3,1,0,1,0,36,2,5,1,0,0,0,0,9,1,0,6,0,0,2,8,5,0,0,7,1,0,4,0,4,4,4,12,0,2,9,4,1,7,7,6,3,4,8,45,7,131,14,71,0,3,2,3,0,0,6,0,5,-1,-1,0,-1,-1,0,0,0,0,0,0,-1,-1,-1,0,0,0,0,0,0,0,-1,-1,0,-1,0,-1,0,0,-1,0,0,0,-1,-1,-1,0,-1,-1,0,0,-1,-1,0,0,-1,-1,-1,0,-1,-1,0,0,-1,-1,-1,-1,0,-1,0,0,-1,-1,-1,0,0,0,0,0,-1,0,-1,0,0,0,0,0,0,-1,-1,-1,-1,-1,-1,-1,-1,-1,0,0,-1
3,13,18,1,5,17,0,1,0,0,0,0,5,0,2,8,13,4,0,0,2,0,0,12,0,0,1,0,1,2,6,2,0,0,0,1,49,0,2,0,0,0,0,0,6,0,6,7,1,0,1,6,1,0,2,1,0,0,6,0,1,7,2,10,2,1,3,9,3,3,4,0,0,5,3,50,9,105,20,62,0,3,0,7,0,0,2,1,3,-1,-1,0,-1,-1,0,0,0,0,0,0,0,0,0,-1,0,0,0,-1,0,0,-1,-1,-1,0,0,0,-1,0,0,-1,-1,0,0,-1,0,-1,-1,-1,-1,0,-1,0,0,0,-1,-1,-1,0,-1,-1,-1,-1,-1,0,-1,-1,0,0,0,0,-1,0,0,0,0,0,-1,-1,0,0,0,-1,0,0,0,0,0,-1,-1,-1,0,-1,-1,-1,-1,-1,-1,0,-1
4,3,7,5,5,3,0,2,0,0,0,0,0,0,2,3,12,5,0,3,0,0,0,14,3,0,0,2,6,0,1,1,1,0,0,0,13,3,3,1,0,0,0,0,1,0,1,4,0,0,0,6,1,0,2,3,0,0,0,0,1,0,7,1,1,1,5,6,0,7,4,2,1,2,7,24,1,93,5,39,0,5,1,0,0,0,0,4,2,-1,-1,-1,-1,0,0,0,0,0,0,0,-1,-1,0,-1,0,0,0,-1,0,0,0,-1,-1,0,-1,-1,0,0,0,0,0,0,0,-1,-1,0,-1,-1,-1,0,-1,0,0,-1,-1,-1,0,0,0,-1,0,-1,-1,0,-1,-1,0,0,0,-1,-1,-1,0,0,0,0,0,0,0,0,0,-1,0,0,0,0,0,-1,-1,-1,-1,-1,0,-1,-1,-1,0,0,-1
9,15,5,2,2,12,3,4,0,0,1,0,10,9,8,5,17,1,0,3,1,1,0,14,6,0,4,0,2,1,0,3,1,0,0,0,22,4,4,4,0,0,0,2,10,0,0,6,0,0,0,12,0,0,0,3,0,0,0,0,0,1,0,13,3,2,23,2,0,6,6,5,2,4,8,50,2,119,10,42,4,2,0,0,0,0,2,1,5,-1,-1,0,-1,0,0,-1,0,0,0,0,0,-1,0,-1,-1,-1,0,-1,0,0,-1,-1,-1,-1,0,-1,0,0,-1,0,0,0,0,-1,-1,-1,0,-1,-1,-1,-1,0,0,0,-1,-1,-1,0,-1,-1,-1,-1,-1,-1,-1,-1,0,0,0,-1,-1,-1,-1,0,0,0,0,-1,0,0,-1,-1,0,-1,-1,0,0,0,-1,-1,0,-1,0,-1,-1,-1,-1,0,-1
6,9,2,5,16,7,0,4,2,0,0,0,1,0,5,4,35,7,2,6,0,2,0,5,0,0,0,0,3,1,0,5,1,0,0,0,25,0,0,6,1,0,0,0,4,4,3,1,0,1,0,7,0,0,3,1,0,0,3,0,1,6,1,10,4,1,15,10,0,3,4,2,0,4,1,60,13,107,24,38,4,4,2,1,0,0,4,2,2,-1,-1,0,-1,-1,0,-1,0,0,0,0,0,-1,0,0,0,-1,0,0,0,-1,0,-1,-1,0,0,-1,-1,0,0,-1,0,0,0,-1,-1,-1,-1,-1,-1,-1,-1,-1,0,0,-1,-1,-1,0,0,-1,-1,0,-1,0,-1,0,0,-1,0,0,0,-1,-1,0,0,0,-1,0,0,0,0,-1,0,-1,0,0,0,-1,-1,-1,0,-1,0,-1,-1,-1,-1,0,-1
9,2,9,1,2,4,0,2,2,0,1,0,5,0,1,2,13,3,0,0,1,3,0,8,8,3,1,0,0,0,0,1,1,0,0,0,26,8,6,1,0,0,0,0,8,0,2,3,0,1,0,2,0,2,0,3,0,0,2,4,1,0,0,13,4,4,4,4,0,2,0,2,4,2,2,32,3,76,16,33,0,2,1,6,0,0,3,2,5,-1,-1,0,0,-1,0,0,0,0,0,0,0,0,-1,-1,-1,-1,0,-1,-1,-1,-1,-1,0,0,0,0,0,0,0,-1,0,-1,0,-1,-1,0,-1,-1,-1,0,0,-1,0,-1,-1,-1,0,0,-1,-1,0,-1,-1,0,0,-1,0,0,0,-1,0,-1,0,0,0,0,-1,0,-1,0,0,0,0,0,0,0,0,0,-1,-1,0,-1,-1,-1,-1,-1,-1,0,-1
4,11,7,0,4,7,0,3,1,0,2,3,3,0,7,2,17,3,0,2,3,1,5,2,0,0,0,1,2,0,0,1,0,0,0,0,21,1,7,0,0,0,0,0,5,2,4,3,0,1,0,4,2,0,0,5,0,0,0,1,0,2,0,5,1,2,5,11,2,1,2,2,2,1,1,47,2,112,14,44,1,2,2,1,0,0,1,5,4,-1,-1,0,-1,-1,-1,0,0,0,0,0,-1,-1,0,-1,0,0,0,-1,0,0,0,-1,-1,0,0,-1,0,-1,0,0,0,-1,0,-1,-1,0,0,-1,-1,-1,-1,0,0,-1,-1,-1,-1,0,-1,-1,-1,0,-1,0,-1,-1,0,0,0,0,-1,-1,0,-1,-1,-1,0,0,0,-1,-1,-1,-1,0,0,0,0,-1,-1,-1,-1,-1,-1,-1,-1,-1,-1,0,-1
1,9,5,0,1,2,0,1,0,0,0,0,3,1,3,4,4,0,0,0,0,0,0,0,0,0,0,0,3,0,6,0,2,0,0,0,10,2,7,2,0,1,0,0,3,0,1,1,0,0,0,7,0,0,0,0,0,0,0,0,0,0,5,6,5,2,0,0,0,1,0,1,1,0,1,32,1,42,8,26,0,4,4,3,0,0,0,0,1,-1,-1,0,-1,-1,0,0,0,0,0,0,-1,-1,-1,0,-1,0,-1,0,0,0,0,-1,0,0,0,-1,0,-1,0,0,0,0,-1,-1,-1,0,0,0,0,0,0,0,0,-1,0,-1,-1,0,-1,-1,-1,0,-1,0,-1,-1,0,0,0,0,0,0,0,0,-1,0,-1,0,0,0,-1,0,0,0,-1,0,0,-1,-1,-1,-1,-1,0,-1,-1,-1,-1,0,-1
1,4,0,0,0,0,0,0,1,0,0,0,0,0,6,0,4,0,0,0,0,2,0,0,2,0,0,0,0,0,0,2,3,0,0,0,6,1,2,0,0,0,0,1,3,0,1,0,0,0,0,1,1,1,0,1,0,0,0,0,0,0,2,4,2,4,3,1,0,2,4,0,0,1,0,30,0,32,4,17,0,4,1,4,0,0,0,2,2,-1,-1,0,0,-1,-1,-1,0,0,0,0,-1,0,0,-1,0,0,0,0,0,0,0,-1,0,0,0,-1,0,-1,0,0,0,-1,-1,0,-1,-1,0,-1,-1,-1,0,0,0,0,-1,0,-1,0,-1,-1,0,0,0,0,-1,-1,0,0,0,0,0,0,0,0,0,-1,0,0,0,0,-1,0,0,0,0,0,0,0,-1,-1,0,-1,0,-1,-1,-1,0,0,-1
1,13,10,0,8,4,2,2,0,0,0,0,3,3,4,4,13,4,0,3,0,0,2,2,3,0,0,0,0,0,3,3,2,0,0,0,23,4,3,2,2,0,0,0,3,0,1,2,0,0,0,2,0,1,0,3,0,0,0,1,0,2,1,6,2,2,5,8,1,3,0,0,0,6,3,38,1,92,9,48,1,0,0,0,0,0,5,2,10,-1,-1,0,-1,-1,0,0,-1,0,0,0,-1,-1,0,-1,-1,0,0,0,0,0,-1,-1,0,-1,0,-1,0,0,0,-1,0,0,0,0,-1,0,-1,-1,-1,0,-1,-1,0,-1,0,-1,-1,0,-1,0,0,-1,-1,0,-1,-1,0,-1,0,0,-1,-1,-1,0,-1,0,-1,-1,-1,0,-1,0,-1,0,0,0,0,0,-1,-1,0,-1,-1,-1,-1,-1,-1,-1,-1
2,3,6,1,6,0,4,1,0,0,2,0,7,0,5,2,29,1,0,0,0,1,0,0,2,0,0,1,3,0,3,0,0,0,0,0,14,0,4,0,0,0,0,0,2,0,2,1,0,0,0,6,2,0,0,1,0,1,1,0,0,2,1,8,2,0,6,6,0,8,4,6,0,1,0,41,0,72,11,34,2,2,1,0,0,0,1,3,2,-1,-1,0,-1,-1,0,0,0,0,0,0,-1,-1,0,-1,-1,0,-1,0,0,-1,0,-1,-1,0,0,-1,0,0,0,0,0,0,0,-1,-1,0,-1,-1,0,0,0,-1,0,0,-1,-1,0,0,-1,-1,-1,0,0,0,-1,-1,0,0,0,0,-1,0,-1,0,-1,0,0,-1,-1,0,-1,-1,0,0,0,0,0,-1,-1,-1,0,-1,-1,-1,-1,-1,-1,0,-1
11,10,3,0,1,5,2,5,0,0,1,0,7,0,2,5,22,5,0,2,0,0,0,12,1,0,0,0,6,0,3,0,6,1,0,2,25,1,4,1,3,0,0,0,9,0,0,8,0,0,0,6,0,0,0,7,0,0,4,0,0,2,2,4,3,1,3,6,4,9,5,1,3,8,1,38,5,127,12,61,1,2,7,0,0,0,3,3,4,-1,-1,0,-1,0,0,-1,-1,0,0,-1,-1,-1,0,-1,0,0,0,-1,0,-1,0,-1,-1,-1,0,-1,0,-1,0,-1,-1,-1,0,-1,-1,-1,-1,-1,-1,0,-1,-1,-1,0,-1,-1,0,-1,-1,-1,-1,-1,-1,0,-1,0,0,-1,0,-1,-1,0,-1,0,0,0,-1,0,-1,0,0,0,0,0,-1,0,0,0,-1,-1,0,-1,-1,-1,-1,-1,-1,-1,-1
8,8,6,1,3,13,0,0,0,0,0,0,11,0,4,2,19,1,0,1,0,0,0,3,3,0,0,2,2,1,2,4,4,0,0,0,10,2,5,0,0,0,0,0,2,0,1,0,0,0,0,6,0,0,0,11,0,0,0,0,0,1,3,9,9,0,10,2,0,6,1,1,3,4,3,33,7,77,6,56,2,0,0,0,0,0,2,5,3,-1,-1,0,-1,-1,0,-1,0,0,0,0,-1,-1,0,-1,0,0,0,0,0,0,0,-1,0,0,0,0,0,-1,0,-1,-1,0,0,-1,-1,-1,-1,-1,-1,0,-1,-1,0,-1,-1,-1,-1,0,-1,-1,-1,-1,-1,0,-1,0,0,0,0,0,-1,0,0,0,-1,-1,-1,0,-1,-1,-1,-1,0,0,0,-1,0,0,-1,-1,0,-1,-1,-1,-1,-1,-1,-1,-1
7,7,10,0,4,5,2,1,0,0,1,0,4,0,7,5,21,7,0,6,0,1,0,9,5,0,0,0,4,0,1,1,13,0,2,0,26,6,0,3,0,0,2,0,9,1,2,6,0,0,2,11,2,2,3,8,0,0,3,2,15,4,3,9,0,1,5,5,0,4,5,3,4,7,0,61,7,126,14,55,11,4,1,1,0,0,1,6,10,-1,-1,-1,-1,-1,0,0,0,-1,0,0,-1,-1,0,0,0,0,-1,-1,-1,0,0,-1,-1,0,0,-1,-1,0,0,-1,-1,0,0,-1,-1,-1,-1,-1,0,0,-1,-1,0,0,-1,-1,-1,0,-1,0,-1,-1,-1,0,-1,-1,0,0,0,0,-1,-1,0,-1,0,0,0,0,-1,-1,-1,-1,-1,0,0,0,0,-1,-1,-1,0,-1,-1,-1,-1,-1,-1,0,-1
5,7,4,2,7,3,4,4,0,0,4,0,2,0,6,4,11,2,2,1,0,1,2,4,1,0,1,0,2,0,0,0,1,1,0,0,10,0,4,3,0,0,0,0,1,0,0,0,0,0,0,2,0,0,0,2,1,1,4,0,0,0,1,1,7,1,3,2,2,1,4,1,0,0,3,47,1,79,8,49,1,5,0,4,0,0,1,0,2,-1,-1,0,-1,-1,0,0,0,0,0,0,-1,-1,0,-1,0,-1,-1,0,0,0,-1,-1,0,0,0,0,0,0,-1,0,0,0,0,0,0,-1,-1,-1,0,0,0,0,0,-1,-1,-1,-1,0,0,0,0,0,-1,0,-1,-1,0,-1,0,0,0,0,0,0,0,0,0,0,-1,0,-1,-1,0,-1,0,-1,0,0,-1,-1,0,-1,-1,-1,-1,-1,-1,-1,-1
10,10,3,0,1,11,0,1,0,1,1,4,7,1,2,10,19,3,0,1,0,0,0,2,2,0,1,1,3,0,1,0,4,0,0,0,20,6,2,0,0,0,0,0,2,0,1,3,0,1,1,11,0,0,0,8,3,0,2,0,1,0,0,17,2,2,2,6,3,3,4,2,5,4,1,67,8,101,13,46,1,4,0,2,0,0,5,2,7,-1,-1,0,-1,0,-1,-1,0,0,0,0,-1,0,0,-1,0,-1,0,-1,-1,0,-1,-1,0,-1,0,0,0,0,0,0,-1,-1,0,-1,-1,0,-1,-1,-1,0,-1,0,-1,-1,-1,-1,-1,0,0,-1,-1,-1,-1,-1,-1,-1,0,0,0,-1,-1,-1,0,0,0,0,-1,0,-1,0,0,-1,-1,0,0,0,0,-1,-1,-1,0,-1,-1,-1,-1,-1,-1,-1,-1
8,7,8,0,0,4,0,1,0,0,3,0,3,0,5,6,13,6,0,0,0,1,0,2,0,0,1,0,4,0,4,1,0,0,0,0,33,2,4,0,0,0,0,0,3,3,0,2,0,3,0,6,1,0,0,4,0,0,0,0,0,1,1,6,2,5,10,1,0,2,0,4,1,3,7,38,1,62,14,34,0,0,0,3,0,0,1,0,2,-1,-1,0,-1,0,0,0,0,0,0,0,-1,-1,0,-1,0,-1,0,-1,0,0,-1,0,-1,0,0,0,0,0,0,0,0,0,0,0,-1,-1,0,0,-1,0,-1,-1,0,0,0,-1,-1,0,-1,-1,0,-1,-1,-1,-1,-1,0,0,0,0,-1,-1,0,0,0,0,-1,0,0,0,0,-1,0,-1,0,0,0,0,-1,-1,0,-1,-1,-1,-1,-1,-1,0,-1
4,10,10,0,0,3,2,1,0,0,3,0,2,1,10,1,12,2,0,2,0,0,1,10,6,0,1,0,0,2,4,0,3,0,0,2,34,0,2,1,0,2,0,0,5,2,0,2,0,0,0,4,3,0,0,1,0,0,0,0,1,1,0,4,4,1,4,11,1,7,5,0,3,2,4,45,1,92,4,27,0,1,2,1,0,4,3,1,1,-1,-1,-1,-1,-1,0,0,-1,0,0,0,-1,0,0,-1,-1,0,0,0,0,-1,-1,-1,-1,0,0,-1,0,-1,-1,-1,-1,0,0,0,-1,0,-1,-1,0,-1,-1,-1,0,-1,0,-1,-1,0,-1,-1,-1,-1,0,0,-1,-1,0,0,-1,-1,-1,-1,0,0,0,0,0,0,-1,0,-1,-1,0,-1,0,-1,0,-1,-1,-1,0,-1,-1,-1,-1,-1,0,-1,-1
11,15,10,0,4,6,0,1,3,0,0,0,3,0,3,2,25,1,0,2,0,0,0,9,7,0,0,0,8,2,1,1,1,0,0,0,31,0,0,0,0,0,1,3,5,0,0,2,1,2,1,5,3,1,0,2,1,0,3,0,0,2,3,4,4,3,3,4,0,4,5,3,1,11,1,46,1,100,8,36,0,1,1,0,0,1,4,2,4,-1,-1,0,-1,-1,0,0,-1,0,0,0,0,-1,0,-1,0,0,0,-1,0,0,0,0,-1,0,-1,-1,0,-1,0,0,0,0,-1,-1,0,0,0,-1,-1,-1,-1,0,0,-1,-1,-1,0,0,-1,-1,-1,-1,-1,-1,-1,-1,0,0,0,0,0,-1,-1,0,0,0,0,0,0,0,-1,-1,0,0,0,-1,-1,-1,-1,-1,0,-1,-1,-1,-1,-1,-1,0,-1
0,9,3,0,1,3,0,0,0,0,0,0,2,0,1,0,9,3,0,6,0,0,0,0,5,0,0,0,6,3,0,5,1,0,0,0,10,0,1,3,0,0,0,0,1,0,1,0,0,0,0,7,0,1,0,2,0,0,0,0,0,0,0,7,5,3,6,1,1,4,0,1,0,2,0,28,1,51,9,36,1,4,1,2,0,0,0,3,3,-1,-1,0,0,-1,0,0,0,0,0,0,0,-1,0,0,-1,0,0,-1,-1,0,0,-1,-1,-1,0,0,-1,0,0,0,0,0,0,-1,0,0,0,0,-1,0,-1,-1,0,-1,-1,-1,0,0,-1,0,0,-1,-1,-1,-1,-1,0,0,-1,0,0,-1,-1,0,0,0,0,0,0,0,0,0,0,0,0,0,-1,-1,-1,-1,0,-1,-1,-1,-1,-1,-1,0,-1
3,4,5,1,5,3,0,3,0,0,0,0,5,0,2,3,16,3,2,2,0,0,0,2,1,0,2,1,0,0,1,0,2,0,0,0,23,0,0,2,0,0,0,0,3,0,0,5,0,0,0,1,0,1,0,2,0,0,0,0,7,3,1,11,5,0,5,0,0,9,5,0,0,0,3,34,1,79,14,50,2,6,1,2,0,1,1,1,4,-1,-1,0,-1,0,0,0,0,0,0,0,-1,0,0,-1,0,0,0,0,-1,0,0,-1,-1,0,-1,0,-1,0,0,-1,-1,-1,0,-1,-1,-1,0,-1,0,-1,-1,0,0,-1,-1,-1,0,0,-1,0,0,-1,-1,0,-1,-1,0,-1,0,-1,0,-1,0,0,0,0,0,0,0,0,-1,0,-1,0,-1,0,-1,-1,-1,-1,0,-1,-1,-1,-1,-1,-1,0,-1
19,30,17,1,0,2,0,4,0,0,1,0,3,3,0,4,8,1,0,4,0,0,0,0,0,0,0,0,0,0,2,0,0,1,0,0,17,0,1,1,0,0,4,0,0,2,1,0,0,0,0,0,0,0,2,3,0,2,0,4,2,10,3,12,1,1,9,0,2,1,5,0,8,0,12,43,2,203,40,65,0,13,1,2,0,0,0,0,1,0,-1,0,0,-1,0,0,0,0,0,0,0,0,0,0,0,0,0,0,0,0,0,-1,0,0,0,0,0,-1,0,0,-1,-1,-1,0,-1,0,0,0,-1,0,0,0,0,0,0,0,0,0,-1,0,0,-1,-1,0,0,-1,0,0,0,0,0,0,0,0,-1,0,0,0,0,0,-1,0,0,0,0,0,0,0,-1,-1,-1,-1,-1,-1,-1,-1,-1,0,-1
5,22,17,1,3,2,0,2,0,0,0,1,3,5,2,6,12,1,0,3,1,0,0,5,0,0,1,0,1,4,4,0,0,0,0,0,8,0,0,0,0,2,0,0,3,1,0,0,0,0,0,5,0,4,0,4,1,0,0,2,4,8,0,8,1,0,6,6,5,0,2,0,3,10,2,40,7,114,38,81,0,12,6,9,0,0,1,1,2,-1,-1,-1,0,-1,0,0,0,0,0,0,-1,-1,0,-1,0,0,0,0,0,0,0,-1,-1,0,0,0,0,-1,0,-1,0,0,-1,-1,-1,0,0,-1,0,0,0,0,0,0,-1,-1,-1,0,-1,0,0,0,-1,0,-1,0,0,0,0,0,0,0,0,0,-1,0,0,0,0,0,0,0,0,0,0,0,0,-1,-1,-1,0,-1,-1,-1,-1,-1,-1,-1,0
20,9,10,3,9,1,0,4,5,0,1,0,9,4,10,7,16,5,0,8,0,0,1,8,11,0,0,1,0,4,0,7,1,0,0,1,19,1,0,4,0,0,2,1,13,4,4,8,0,0,0,2,7,0,1,4,7,0,4,2,6,5,2,14,3,0,3,10,0,5,5,1,2,14,14,44,8,114,20,64,0,1,3,0,0,0,0,1,0,-1,-1,0,0,0,0,0,0,0,0,0,-1,0,0,-1,-1,0,0,0,0,-1,0,-1,-1,0,-1,0,0,-1,0,0,0,0,-1,0,-1,-1,0,-1,0,0,-1,0,0,0,0,-1,-1,0,-1,0,-1,-1,-1,-1,0,-1,0,0,0,-1,0,0,0,0,0,0,-1,0,0,0,0,0,0,-1,0,0,0,0,-1,-1,-1,-1,-1,-1,-1,-1,0,0,-1
4,10,8,1,1,7,0,0,1,0,0,0,5,2,3,7,27,1,0,3,0,0,0,8,3,0,1,5,2,1,4,2,2,0,0,0,23,2,2,2,0,2,0,1,6,1,1,2,0,0,0,7,0,1,1,11,0,0,1,0,2,0,2,12,6,0,10,4,2,13,15,1,4,6,6,54,2,138,11,45,3,2,6,0,0,0,2,6,9,-1,-1,-1,-1,0,0,0,0,0,0,0,-1,-1,0,-1,0,-1,0,-1,0,-1,-1,-1,-1,-1,0,0,0,-1,0,0,-1,-1,0,0,-1,-1,0,-1,-1,0,-1,0,0,-1,0,-1,-1,0,0,-1,-1,-1,-1,0,-1,-1,0,0,0,0,-1,-1,0,-1,-1,0,0,0,0,0,-1,-1,-1,0,0,0,0,-1,-1,-1,0,-1,-1,-1,-1,-1,-1,-1,-1
16,10,9,1,2,9,1,10,1,0,6,2,3,0,8,7,18,8,0,16,0,0,4,6,1,0,1,0,0,1,0,0,1,0,0,0,17,0,0,1,0,1,0,0,2,2,0,4,0,0,0,6,2,0,3,3,1,8,4,0,3,4,2,14,7,0,10,8,2,5,7,0,3,11,6,73,9,176,28,141,3,17,6,10,0,0,0,0,11,0,-1,-1,-1,0,0,0,0,0,-1,0,0,-1,0,0,0,0,0,0,0,0,0,-1,0,0,0,0,0,0,0,-1,-1,-1,-1,-1,-1,0,-1,-1,-1,0,-1,0,0,-1,-1,-1,-1,0,0,-1,-1,0,-1,0,-1,-1,0,0,0,0,0,0,0,0,0,0,-1,0,0,0,-1,0,0,-1,0,0,0,0,-1,-1,0,-1,-1,-1,-1,-1,0,-1,-1
48,79,21,12,4,11,0,3,0,0,5,5,18,2,7,28,25,4,0,6,1,1,0,4,3,0,0,1,2,0,5,0,0,0,0,0,76,1,4,1,1,0,3,0,4,1,1,4,1,3,2,5,4,0,0,10,0,0,14,2,12,19,6,25,1,7,18,3,2,6,8,3,4,12,31,153,19,461,88,246,0,20,10,16,1,4,0,16,16,-1,-1,-1,0,-1,0,0,0,0,0,-1,-1,-1,0,-1,0,0,0,-1,0,0,0,-1,-1,0,0,0,0,-1,0,-1,-1,-1,-1,-1,-1,-1,-1,-1,-1,-1,-1,-1,0,0,0,-1,-1,-1,-1,-1,-1,0,-1,0,-1,-1,0,-1,-1,0,0,-1,-1,0,-1,0,0,-1,-1,0,-1,0,0,0,0,-1,0,-1,-1,-1,-1,-1,-1,-1,-1,-1,-1,-1,-1
16,32,17,0,1,2,0,5,0,0,0,0,5,2,1,3,2,0,0,4,0,0,0,1,0,0,0,0,0,0,0,0,1,0,0,0,6,0,0,0,0,0,4,2,2,0,0,0,0,0,0,0,0,0,0,0,0,0,4,0,4,1,0,7,0,0,3,0,0,2,0,1,1,3,12,36,5,124,25,48,0,2,0,0,0,0,0,4,1,-1,-1,0,0,0,0,0,0,0,0,0,0,-1,0,0,0,0,0,0,0,0,0,0,0,0,0,0,0,0,0,0,0,0,-1,-1,0,0,0,0,-1,0,-1,-1,0,0,0,-1,-1,0,0,0,-1,-1,-1,0,0,0,0,0,0,0,0,0,0,0,0,0,0,0,0,0,0,0,0,0,0,0,0,-1,-1,-1,0,-1,-1,-1,-1,-1,0,0,0
15,6,8,0,2,0,0,0,1,0,5,3,0,1,2,3,10,0,0,1,1,0,0,1,0,0,0,0,1,0,0,0,0,0,0,0,2,1,0,0,0,0,5,2,0,0,0,1,0,0,0,0,0,0,0,2,1,0,0,2,1,2,2,0,1,0,0,1,1,0,1,0,1,0,4,20,10,49,0,25,0,2,0,0,0,0,0,0,-1,0,-1,-1,0,0,0,0,0,0,0,0,0,0,0,-1,0,0,0,0,0,0,0,0,-1,0,0,0,0,-1,0,-1,-1,0,0,-1,0,0,0,0,0,0,0,0,0,0,-1,-1,-1,0,0,0,0,0,-1,0,0,0,0,0,0,0,-1,0,0,0,0,0,0,0,0,0,-1,0,0,0,0,0,0,0,-1,-1,0,0,-1,-1,-1,-1,0,0,-1
5,11,5,0,1,3,1,0,1,0,6,0,1,0,0,7,22,2,0,5,0,2,0,6,0,0,1,0,1,0,7,2,8,1,0,0,14,3,4,0,1,0,0,0,4,0,2,4,0,1,0,9,0,0,0,9,0,1,4,0,2,2,0,14,2,4,8,1,0,8,1,5,1,3,1,49,9,94,6,51,2,4,0,0,0,2,0,4,-1,-1,-1,0,-1,0,-1,0,-1,0,0,0,-1,-1,0,-1,0,-1,0,-1,0,0,0,-1,-1,0,0,0,0,0,0,0,-1,0,-1,-1,-1,-1,0,-1,-1,0,-1,-1,-1,-1,-1,-1,0,-1,-1,-1,-1,-1,-1,0,-1,-1,0,0,0,0,-1,-1,0,0,-1,0,0,0,-1,-1,0,0,0,0,0,0,0,-1,-1,-1,0,-1,-1,-1,-1,-1,-1,0,-1
18,29,7,2,1,0,0,1,0,1,0,2,17,1,1,6,9,3,1,6,0,0,1,1,1,0,0,1,0,1,0,0,1,1,0,0,20,0,0,0,0,0,3,0,0,3,0,1,0,0,0,4,2,0,0,5,0,0,6,0,6,11,4,23,3,1,9,8,3,1,2,1,3,12,11,75,8,208,40,149,0,1,14,21,0,0,0,2,-1,-1,-1,0,0,0,0,0,0,0,0,0,0,0,0,-1,0,0,0,-1,0,0,0,0,-1,0,0,0,0,0,0,-1,0,0,-1,-1,-1,0,-1,-1,0,-1,-1,-1,0,-1,-1,-1,-1,0,0,-1,0,0,-1,0,-1,0,0,-1,0,0,-1,0,0,0,-1,0,0,0,0,0,0,0,0,0,0,0,0,-1,-1,-1,0,-1,-1,-1,-1,-1,-1,-1,-1
18,13,3,2,9,4,2,4,1,0,2,1,9,1,11,7,31,1,3,4,2,0,1,6,4,0,0,0,2,1,2,5,3,0,0,0,37,3,6,1,0,3,0,0,3,1,0,5,0,0,0,7,0,2,1,9,0,0,4,0,0,4,6,22,4,6,13,5,0,9,3,0,10,7,7,82,1,173,13,74,1,0,3,6,0,4,0,1,-1,-1,-1,-1,0,-1,0,0,0,0,0,0,0,0,-1,0,-1,0,0,-1,0,0,0,-1,-1,0,-1,0,-1,0,-1,-1,-1,-1,0,-1,-1,-1,0,-1,-1,-1,-1,-1,0,-1,-1,-1,0,-1,-1,-1,-1,-1,-1,0,-1,-1,0,0,-1,-1,0,-1,-1,-1,0,0,0,0,0,-1,-1,0,0,0,0,0,0,-1,-1,-1,-1,-1,-1,-1,-1,-1,-1,0,-1